case_id,config_id,stage,block,order,anchor_id,broker_profile_id,latency_enabled,latency_sample_every,target_records_per_sec,config_path
screen_b01_o01_cfg_074_B5,screen_b01_o01_cfg_074_B5,profile_screening,1,1,cfg_074,B5,true,1,,configs/tuning_v2/generated_configs/profile_screening/screen_b01_o01_cfg_074_B5.json
screen_b01_o02_cfg_074_B2,screen_b01_o02_cfg_074_B2,profile_screening,1,2,cfg_074,B2,true,1,,configs/tuning_v2/generated_configs/profile_screening/screen_b01_o02_cfg_074_B2.json
screen_b01_o03_cfg_074_B0,screen_b01_o03_cfg_074_B0,profile_screening,1,3,cfg_074,B0,true,1,,configs/tuning_v2/generated_configs/profile_screening/screen_b01_o03_cfg_074_B0.json
screen_b01_o04_cfg_074_B4,screen_b01_o04_cfg_074_B4,profile_screening,1,4,cfg_074,B4,true,1,,configs/tuning_v2/generated_configs/profile_screening/screen_b01_o04_cfg_074_B4.json
screen_b01_o05_cfg_074_B3,screen_b01_o05_cfg_074_B3,profile_screening,1,5,cfg_074,B3,true,1,,configs/tuning_v2/generated_configs/profile_screening/screen_b01_o05_cfg_074_B3.json
screen_b01_o06_cfg_074_B1,screen_b01_o06_cfg_074_B1,profile_screening,1,6,cfg_074,B1,true,1,,configs/tuning_v2/generated_configs/profile_screening/screen_b01_o06_cfg_074_B1.json
screen_b02_o01_cfg_115_B0,screen_b02_o01_cfg_115_B0,profile_screening,2,1,cfg_115,B0,true,1,,configs/tuning_v2/generated_configs/profile_screening/screen_b02_o01_cfg_115_B0.json
screen_b02_o02_cfg_115_B1,screen_b02_o02_cfg_115_B1,profile_screening,2,2,cfg_115,B1,true,1,,configs/tuning_v2/generated_configs/profile_screening/screen_b02_o02_cfg_115_B1.json
screen_b02_o03_cfg_115_B2,screen_b02_o03_cfg_115_B2,profile_screening,2,3,cfg_115,B2,true,1,,configs/tuning_v2/generated_configs/profile_screening/screen_b02_o03_cfg_115_B2.json
screen_b02_o04_cfg_115_B5,screen_b02_o04_cfg_115_B5,profile_screening,2,4,cfg_115,B5,true,1,,configs/tuning_v2/generated_configs/profile_screening/screen_b02_o04_cfg_115_B5.json
screen_b02_o05_cfg_115_B3,screen_b02_o05_cfg_115_B3,profile_screening,2,5,cfg_115,B3,true,1,,configs/tuning_v2/generated_configs/profile_screening/screen_b02_o05_cfg_115_B3.json
screen_b02_o06_cfg_115_B4,screen_b02_o06_cfg_115_B4,profile_screening,2,6,cfg_115,B4,true,1,,configs/tuning_v2/generated_configs/profile_screening/screen_b02_o06_cfg_115_B4.json
screen_b03_o01_cfg_059_B2,screen_b03_o01_cfg_059_B2,profile_screening,3,1,cfg_059,B2,true,1,,configs/tuning_v2/generated_configs/profile_screening/screen_b03_o01_cfg_059_B2.json
screen_b03_o02_cfg_059_B1,screen_b03_o02_cfg_059_B1,profile_screening,3,2,cfg_059,B1,true,1,,configs/tuning_v2/generated_configs/profile_screening/screen_b03_o02_cfg_059_B1.json
screen_b03_o03_cfg_059_B4,screen_b03_o03_cfg_059_B4,profile_screening,3,3,cfg_059,B4,true,1,,configs/tuning_v2/generated_configs/profile_screening/screen_b03_o03_cfg_059_B4.json
screen_b03_o04_cfg_059_B5,screen_b03_o04_cfg_059_B5,profile_screening,3,4,cfg_059,B5,true,1,,configs/tuning_v2/generated_configs/profile_screening/screen_b03_o04_cfg_059_B5.json
screen_b03_o05_cfg_059_B3,screen_b03_o05_cfg_059_B3,profile_screening,3,5,cfg_059,B3,true,1,,configs/tuning_v2/generated_configs/profile_screening/screen_b03_o05_cfg_059_B3.json
screen_b03_o06_cfg_059_B0,screen_b03_o06_cfg_059_B0,profile_screening,3,6,cfg_059,B0,true,1,,configs/tuning_v2/generated_configs/profile_screening/screen_b03_o06_cfg_059_B0.json
screen_b04_o01_cfg_119_B5,screen_b04_o01_cfg_119_B5,profile_screening,4,1,cfg_119,B5,true,1,,configs/tuning_v2/generated_configs/profile_screening/screen_b04_o01_cfg_119_B5.json
screen_b04_o02_cfg_119_B4,screen_b04_o02_cfg_119_B4,profile_screening,4,2,cfg_119,B4,true,1,,configs/tuning_v2/generated_configs/profile_screening/screen_b04_o02_cfg_119_B4.json
screen_b04_o03_cfg_119_B3,screen_b04_o03_cfg_119_B3,profile_screening,4,3,cfg_119,B3,true,1,,configs/tuning_v2/generated_configs/profile_screening/screen_b04_o03_cfg_119_B3.json
screen_b04_o04_cfg_119_B0,screen_b04_o04_cfg_119_B0,profile_screening,4,4,cfg_119,B0,true,1,,configs/tuning_v2/generated_configs/profile_screening/screen_b04_o04_cfg_119_B0.json
screen_b04_o05_cfg_119_B2,screen_b04_o05_cfg_119_B2,profile_screening,4,5,cfg_119,B2,true,1,,configs/tuning_v2/generated_configs/profile_screening/screen_b04_o05_cfg_119_B2.json
screen_b04_o06_cfg_119_B1,screen_b04_o06_cfg_119_B1,profile_screening,4,6,cfg_119,B1,true,1,,configs/tuning_v2/generated_configs/profile_screening/screen_b04_o06_cfg_119_B1.json
screen_b05_o01_latency_anchor_B3,screen_b05_o01_latency_anchor_B3,profile_screening,5,1,latency_anchor,B3,true,1,258398.120000,configs/tuning_v2/generated_configs/profile_screening/screen_b05_o01_latency_anchor_B3.json
screen_b05_o02_latency_anchor_B2,screen_b05_o02_latency_anchor_B2,profile_screening,5,2,latency_anchor,B2,true,1,258398.120000,configs/tuning_v2/generated_configs/profile_screening/screen_b05_o02_latency_anchor_B2.json
screen_b05_o03_latency_anchor_B1,screen_b05_o03_latency_anchor_B1,profile_screening,5,3,latency_anchor,B1,true,1,258398.120000,configs/tuning_v2/generated_configs/profile_screening/screen_b05_o03_latency_anchor_B1.json
screen_b05_o04_latency_anchor_B5,screen_b05_o04_latency_anchor_B5,profile_screening,5,4,latency_anchor,B5,true,1,258398.120000,configs/tuning_v2/generated_configs/profile_screening/screen_b05_o04_latency_anchor_B5.json
screen_b05_o05_latency_anchor_B4,screen_b05_o05_latency_anchor_B4,profile_screening,5,5,latency_anchor,B4,true,1,258398.120000,configs/tuning_v2/generated_configs/profile_screening/screen_b05_o05_latency_anchor_B4.json
screen_b05_o06_latency_anchor_B0,screen_b05_o06_latency_anchor_B0,profile_screening,5,6,latency_anchor,B0,true,1,258398.120000,configs/tuning_v2/generated_configs/profile_screening/screen_b05_o06_latency_anchor_B0.json
