path,size_bytes,sha256
final_report.json,2570,1ad8e99a7986689398021d29252a264180d9a0d6774de87e0143d8c6f8e5b536
phase1_cases.csv,102155,3ea1d9ddadce602f0a551d5091b4320b78be39565b2772eee3ffeea56110fc14
phase1_cases.json,324755,80f0e26fe180f91f810b65f562f9dc6ba7627676ebf680fea9de3d59e2be4360
phase1_manifest.csv,50211,1b8434d594ca1402a203e9c82b01ef206e4708f3f8fa6c2851ee3cbb906e976a
phase1_validation.json,744,71c599db94c71f291eb96f80d288922a6132f3998979270e5d1ed9d5b3f1ad72
source_case_index.csv,39635,9525f9b2249e8ab9ceddd42f1b4ca1cf2c7f0bd8cdec073b2213ffb2596a6549
source_case_index.json,55908,488208004d616b79b6645aa600d341d2dad47cea42ed7d10a4cc944a25f86324
validation_manifest.csv,20444,4cdb16257ea3b4f27fc5232cddde827761d8e1a25d12941534ecca006db445f2
validation_repeats.csv,43137,53116fab0d69440c249b6799bb007df7942954cddb3a1634556184305916bf5f
validation_repeats.json,135674,2e729281348bcb4ca2a98982b11223c8e446c2dfccf72759a8452210b10caac2
validation_shortlist.csv,1825,f74e5afe4f4334388900588a1ae8b878d61ef79bdc14dc69ab671bff956018b4
validation_shortlist.json,7026,dc90884862631e45806d3a6c91c68aa451d262759be25881ddb3482ff62c57ba
validation_summary.csv,7136,3b3bfd637f1a515507e866f53ed0cc3012c6e05fc7b1a8db7cbb194167ad67d8
validation_summary.json,18102,a6d3d4db8c1b4770bad70d30c5b1bb139b8f3a45a0612084ca3f381e7576f50e
validation_validation.json,637,3d75196862444aa493268d21fd57503a7b6da5993178d760451ac8a19ba3c8bf
