stage,case_id,source_report,source_report_sha256
phase1,cfg_107,results/sweeps/kafka_v1_reproducible/kafka_reproducible_standard96s_20260814T163308Z-v1/batch_004_job_15280717/cases/cfg_107/final_report.json,5b89e109bfcf396b4a158fb661f73974bbb268d234d56f2e2191ca2e5d8562c2
phase1,cfg_061,results/sweeps/kafka_v1_reproducible/kafka_reproducible_standard96s_20260814T163308Z-v1/batch_003_job_15280716/cases/cfg_061/final_report.json,9a29e8560966b38b9c8df5b9edd889f4550f484f484586aaaf8f55741c0fc12a
phase1,cfg_113,results/sweeps/kafka_v1_reproducible/kafka_reproducible_standard96s_20260814T163308Z-v1/batch_004_job_15280717/cases/cfg_113/final_report.json,c725e2b41c6c640777ad5dc4c2cf024276d74cca694e5a8bf396e2d944e741a0
phase1,cfg_062,results/sweeps/kafka_v1_reproducible/kafka_reproducible_standard96s_20260814T163308Z-v1/batch_003_job_15280716/cases/cfg_062/final_report.json,92ddbd161b125deaa8a5709757a811b12cabd0e076ed0580581b5600b1c7d92e
phase1,cfg_049,results/sweeps/kafka_v1_reproducible/kafka_reproducible_standard96s_20260814T163308Z-v1/batch_002_job_15280715/cases/cfg_049/final_report.json,0774f987028f174743e31a52c764cef4b83423db349d74c495dd728d78b32824
phase1,cfg_007,results/sweeps/kafka_v1_reproducible/kafka_reproducible_standard96s_20260814T163308Z-v1/batch_001_job_15280714/cases/cfg_007/final_report.json,f29a251dea48bec0d0c4df05ee8d6edd2c6594545e073f0885a7edda2b0b2641
phase1,cfg_096,results/sweeps/kafka_v1_reproducible/kafka_reproducible_standard96s_20260814T163308Z-v1/batch_004_job_15280717/cases/cfg_096/final_report.json,a6bf51c12ac6053e2c29a1d714173cd6fcace3979d7d88b08f1042eda68f323a
phase1,cfg_078,results/sweeps/kafka_v1_reproducible/kafka_reproducible_standard96s_20260814T163308Z-v1/batch_003_job_15280716/cases/cfg_078/final_report.json,9e262c32de327fffec21a508ca7e1960daa4a24e6b3762d13e2eb51ac52ae39f
phase1,cfg_116,results/sweeps/kafka_v1_reproducible/kafka_reproducible_standard96s_20260814T163308Z-v1/batch_004_job_15280717/cases/cfg_116/final_report.json,a2202aa6e57a53d310931d5560d5b6133ca1ca3e95ec7e85e8e1e7a6f22adeeb
phase1,cfg_060,results/sweeps/kafka_v1_reproducible/kafka_reproducible_standard96s_20260814T163308Z-v1/batch_002_job_15280715/cases/cfg_060/final_report.json,a5489b94c820962f8d1bb816d5914479f8ad089d8cdf6841dc028f223d118854
phase1,cfg_029,results/sweeps/kafka_v1_reproducible/kafka_reproducible_standard96s_20260814T163308Z-v1/batch_001_job_15280714/cases/cfg_029/final_report.json,a9b72aac6fd0d6c487ab24ab6234cb1a992d8a29e80eceef161e62813f11c062
phase1,cfg_048,results/sweeps/kafka_v1_reproducible/kafka_reproducible_standard96s_20260814T163308Z-v1/batch_002_job_15280715/cases/cfg_048/final_report.json,f1b68a686f7c131e9f2d36b11828d71fb6f2862dba411aef73653e29c7e3ab99
phase1,cfg_006,results/sweeps/kafka_v1_reproducible/kafka_reproducible_standard96s_20260814T163308Z-v1/batch_001_job_15280714/cases/cfg_006/final_report.json,7c66957fbde8ca7aa22154d302d476dc1a3c17a4e36bea3c7f6248c8a0060d31
phase1,cfg_053,results/sweeps/kafka_v1_reproducible/kafka_reproducible_standard96s_20260814T163308Z-v1/batch_002_job_15280715/cases/cfg_053/final_report.json,be6e993b4762aeaf16c32acb19c1633500638867c50b2af6b4d1ded616eccae5
phase1,cfg_064,results/sweeps/kafka_v1_reproducible/kafka_reproducible_standard96s_20260814T163308Z-v1/batch_003_job_15280716/cases/cfg_064/final_report.json,b94cd47905999da4c2b7b2ee062227c97f9a5afad6d7929df51975f2f898ccae
phase1,cfg_005,results/sweeps/kafka_v1_reproducible/kafka_reproducible_standard96s_20260814T163308Z-v1/batch_001_job_15280714/cases/cfg_005/final_report.json,c58fc652fc98943b2b4fb62de1fc528013abd85f57e0fa259e29f14c967bb102
phase1,cfg_052,results/sweeps/kafka_v1_reproducible/kafka_reproducible_standard96s_20260814T163308Z-v1/batch_002_job_15280715/cases/cfg_052/final_report.json,3983a0e01960c63d0297b879936a7d26f7cb767c3e0f7d53a551e0154f25c549
phase1,cfg_047,results/sweeps/kafka_v1_reproducible/kafka_reproducible_standard96s_20260814T163308Z-v1/batch_002_job_15280715/cases/cfg_047/final_report.json,216c99d457d3a9e1891913ef35ede95b23afe6f07d0662925acf3e21d22735dd
phase1,cfg_086,results/sweeps/kafka_v1_reproducible/kafka_reproducible_standard96s_20260814T163308Z-v1/batch_003_job_15280716/cases/cfg_086/final_report.json,bf41ab01a4b97f1dbdfed9042646d41cb636717e20dac9b23ab47ef115bf4484
phase1,cfg_088,results/sweeps/kafka_v1_reproducible/kafka_reproducible_standard96s_20260814T163308Z-v1/batch_003_job_15280716/cases/cfg_088/final_report.json,151d9ba9ea9b48f4639d74a4412c73e71ac7a9436702689d17339f1ad55dbc03
phase1,cfg_081,results/sweeps/kafka_v1_reproducible/kafka_reproducible_standard96s_20260814T163308Z-v1/batch_003_job_15280716/cases/cfg_081/final_report.json,e6376193d020ea1823eebcdb3898bf7d27cb0d8c1f4398645502b2cecb3d30a4
phase1,cfg_065,results/sweeps/kafka_v1_reproducible/kafka_reproducible_standard96s_20260814T163308Z-v1/batch_003_job_15280716/cases/cfg_065/final_report.json,b7eb1307530f918123d045942e8ad77fcad0542fbff030a416e9b98948cfdb13
phase1,cfg_026,results/sweeps/kafka_v1_reproducible/kafka_reproducible_standard96s_20260814T163308Z-v1/batch_001_job_15280714/cases/cfg_026/final_report.json,2801121efaae8ab849739bbd32d45fe44001379b144d8892de23e3d98cc3a4ae
phase1,cfg_014,results/sweeps/kafka_v1_reproducible/kafka_reproducible_standard96s_20260814T163308Z-v1/batch_001_job_15280714/cases/cfg_014/final_report.json,2ee24302c787baf94f0fc8e648cb2f0fc917fcd100e83c09521052866bd02e71
phase1,cfg_025,results/sweeps/kafka_v1_reproducible/kafka_reproducible_standard96s_20260814T163308Z-v1/batch_001_job_15280714/cases/cfg_025/final_report.json,10bb855baf966c05f6eaaaed22ce2bf1befc988e1f9624623249aa4dfc914df0
phase1,cfg_015,results/sweeps/kafka_v1_reproducible/kafka_reproducible_standard96s_20260814T163308Z-v1/batch_001_job_15280714/cases/cfg_015/final_report.json,c3d7c9022359d44892d30332b7f3842b0acc0a0f410cb8c2c971fcf4c7a0fe26
phase1,cfg_068,results/sweeps/kafka_v1_reproducible/kafka_reproducible_standard96s_20260814T163308Z-v1/batch_003_job_15280716/cases/cfg_068/final_report.json,3a656d4b4c6ff6644aba47a7b2b833caac792435265b68c905ae6b0abdffb141
phase1,cfg_104,results/sweeps/kafka_v1_reproducible/kafka_reproducible_standard96s_20260814T163308Z-v1/batch_004_job_15280717/cases/cfg_104/final_report.json,73d1f03a58968a63553dd4f1ce396ba1ff96cef48abc3f2a6105ca3bd1a0f122
phase1,cfg_022,results/sweeps/kafka_v1_reproducible/kafka_reproducible_standard96s_20260814T163308Z-v1/batch_001_job_15280714/cases/cfg_022/final_report.json,1baee8ea86797a1c1f228bedc9a3dd401f3913e1b0871f98d6b6db2ecd18b376
phase1,cfg_001,results/sweeps/kafka_v1_reproducible/kafka_reproducible_standard96s_20260814T163308Z-v1/batch_001_job_15280714/cases/cfg_001/final_report.json,3b1dd9d5be05e70a1ea9066425f62ee5af4aa7cbdd5d0f37cb6806757b844972
phase1,cfg_019,results/sweeps/kafka_v1_reproducible/kafka_reproducible_standard96s_20260814T163308Z-v1/batch_001_job_15280714/cases/cfg_019/final_report.json,58461ae36f4f3f7fedcf8863a1c7a340b9b863d018561f5ab6929e92e6f57716
phase1,cfg_020,results/sweeps/kafka_v1_reproducible/kafka_reproducible_standard96s_20260814T163308Z-v1/batch_001_job_15280714/cases/cfg_020/final_report.json,c47f7bc954afbeafc4299b55b9f6de16d0140ba01ccb05256941a5f5f06fa358
phase1,cfg_024,results/sweeps/kafka_v1_reproducible/kafka_reproducible_standard96s_20260814T163308Z-v1/batch_001_job_15280714/cases/cfg_024/final_report.json,f3a6a6eda204b90822f25531e17f15bb986267da5bb4064358673c3f70409df5
phase1,cfg_010,results/sweeps/kafka_v1_reproducible/kafka_reproducible_standard96s_20260814T163308Z-v1/batch_001_job_15280714/cases/cfg_010/final_report.json,e911df50458f8641f88892058ab6ab46ddc15b8d2aa68100263b29de0324e4ac
phase1,cfg_009,results/sweeps/kafka_v1_reproducible/kafka_reproducible_standard96s_20260814T163308Z-v1/batch_001_job_15280714/cases/cfg_009/final_report.json,ee98e6dac20dddf514e69c0691404aa10e103ee27223be8d9349a9c8512834c2
phase1,cfg_021,results/sweeps/kafka_v1_reproducible/kafka_reproducible_standard96s_20260814T163308Z-v1/batch_001_job_15280714/cases/cfg_021/final_report.json,c62702dce9b3bdc6f14ea3577817f32e72f058cdfdcc2ed28e9ce4695f74684b
phase1,cfg_012,results/sweeps/kafka_v1_reproducible/kafka_reproducible_standard96s_20260814T163308Z-v1/batch_001_job_15280714/cases/cfg_012/final_report.json,063f40d8732b5b6ba1a36cd575b23e7a7db5e4cc09b97bf282951cedbbcc6abf
phase1,cfg_008,results/sweeps/kafka_v1_reproducible/kafka_reproducible_standard96s_20260814T163308Z-v1/batch_001_job_15280714/cases/cfg_008/final_report.json,65ae9d4a48a8fef2028febb34b17a799544e69d503adb0ed8bdd0b99febb0a17
phase1,cfg_013,results/sweeps/kafka_v1_reproducible/kafka_reproducible_standard96s_20260814T163308Z-v1/batch_001_job_15280714/cases/cfg_013/final_report.json,408b136b251feb62b63fce830f11d14dab385ce93917d4d6f44a639ecad88b73
phase1,cfg_095,results/sweeps/kafka_v1_reproducible/kafka_reproducible_standard96s_20260814T163308Z-v1/batch_004_job_15280717/cases/cfg_095/final_report.json,536ec223754187788eae6ad2a4077b46c57353a9ba323b3641c621ff6394e537
phase1,cfg_011,results/sweeps/kafka_v1_reproducible/kafka_reproducible_standard96s_20260814T163308Z-v1/batch_001_job_15280714/cases/cfg_011/final_report.json,c5f7acec4351dc065af2698002837a81da466f27363214a3def97bf99d8bf361
phase1,cfg_018,results/sweeps/kafka_v1_reproducible/kafka_reproducible_standard96s_20260814T163308Z-v1/batch_001_job_15280714/cases/cfg_018/final_report.json,101dc35508ed586d8a203e811ce4ae48187496d023a06ae8ca88fb2f90d00467
phase1,cfg_023,results/sweeps/kafka_v1_reproducible/kafka_reproducible_standard96s_20260814T163308Z-v1/batch_001_job_15280714/cases/cfg_023/final_report.json,bc1f7cb5efee53825bc5454efddb63b5fbca8337b12ff5f12fcf4c751a5c7e40
phase1,cfg_035,results/sweeps/kafka_v1_reproducible/kafka_reproducible_standard96s_20260814T163308Z-v1/batch_002_job_15280715/cases/cfg_035/final_report.json,f6bf1baaae5ba246a0c8b2816378cd06fb6b58a95dfb42bff6ac8040ffbf3d28
phase1,cfg_033,results/sweeps/kafka_v1_reproducible/kafka_reproducible_standard96s_20260814T163308Z-v1/batch_002_job_15280715/cases/cfg_033/final_report.json,6ba01a014f9d18c580d785da0f29f490e9f2695625e073a9c3435129d754f7c8
phase1,cfg_032,results/sweeps/kafka_v1_reproducible/kafka_reproducible_standard96s_20260814T163308Z-v1/batch_002_job_15280715/cases/cfg_032/final_report.json,ab3b1f67ef15d21cb6063df675c9177492487eb4ec756e8ab52be1ee5b92b35a
phase1,cfg_036,results/sweeps/kafka_v1_reproducible/kafka_reproducible_standard96s_20260814T163308Z-v1/batch_002_job_15280715/cases/cfg_036/final_report.json,1804c3b698ac7232572e960e35ae3a8a52cfe13f5662e4ff424559dcce4a48a9
phase1,cfg_043,results/sweeps/kafka_v1_reproducible/kafka_reproducible_standard96s_20260814T163308Z-v1/batch_002_job_15280715/cases/cfg_043/final_report.json,5c3af82ea93654899abfed5edc980d9ce85a1b65016a45c4e70691584d028b22
phase1,cfg_042,results/sweeps/kafka_v1_reproducible/kafka_reproducible_standard96s_20260814T163308Z-v1/batch_002_job_15280715/cases/cfg_042/final_report.json,9029a74aa8b762f2631c7650277b7285ddec3b8619dc49621423dcfecf5a82ce
phase1,cfg_031,results/sweeps/kafka_v1_reproducible/kafka_reproducible_standard96s_20260814T163308Z-v1/batch_002_job_15280715/cases/cfg_031/final_report.json,572f39a7ec6722beb2932e3a7ae10ccfb94de23400547d2920497d9ed1a77306
phase1,cfg_040,results/sweeps/kafka_v1_reproducible/kafka_reproducible_standard96s_20260814T163308Z-v1/batch_002_job_15280715/cases/cfg_040/final_report.json,4bb54274f8453ba22423c2e2daf1abd6aa8d87f6f020c490016fd952917dd2e7
phase1,cfg_041,results/sweeps/kafka_v1_reproducible/kafka_reproducible_standard96s_20260814T163308Z-v1/batch_002_job_15280715/cases/cfg_041/final_report.json,ec45ef24f70c4a7bd5120561766e40e530b356bb10fa3513a1f0d0b9bd476599
phase1,cfg_016,results/sweeps/kafka_v1_reproducible/kafka_reproducible_standard96s_20260814T163308Z-v1/batch_001_job_15280714/cases/cfg_016/final_report.json,a1d4d3cd053c614f710ebc8fb6505c96208ebf8d50d3ec584f7e448ed382fc54
phase1,cfg_034,results/sweeps/kafka_v1_reproducible/kafka_reproducible_standard96s_20260814T163308Z-v1/batch_002_job_15280715/cases/cfg_034/final_report.json,8c6d48fdc371b303b6f6b0d43dfa2d48eb5c618b982a5da6c77d615b0f78a9cc
phase1,cfg_044,results/sweeps/kafka_v1_reproducible/kafka_reproducible_standard96s_20260814T163308Z-v1/batch_002_job_15280715/cases/cfg_044/final_report.json,4d17d442da923ddfaf76e34f98f86bc26208f57ebf62a8f408ffd4e9d908aee3
phase1,cfg_037,results/sweeps/kafka_v1_reproducible/kafka_reproducible_standard96s_20260814T163308Z-v1/batch_002_job_15280715/cases/cfg_037/final_report.json,62f0912b3d571c6b803a1f3230f1fc212b096a823954122d8b1930257b7d6fb4
phase1,cfg_038,results/sweeps/kafka_v1_reproducible/kafka_reproducible_standard96s_20260814T163308Z-v1/batch_002_job_15280715/cases/cfg_038/final_report.json,e14f3a8bdf6a8a42845becbcebb70657f702d81607549e36695b36fde11cd2ce
phase1,cfg_017,results/sweeps/kafka_v1_reproducible/kafka_reproducible_standard96s_20260814T163308Z-v1/batch_001_job_15280714/cases/cfg_017/final_report.json,2e394618987c8b18145384477efae9871a9ac4e5662b7dea4e66bf0f8e401782
phase1,cfg_080,results/sweeps/kafka_v1_reproducible/kafka_reproducible_standard96s_20260814T163308Z-v1/batch_003_job_15280716/cases/cfg_080/final_report.json,bb1bc6dee9bb389212f7c56ab2e00886c7664fcab0dccf76ea510f722e00e535
phase1,cfg_084,results/sweeps/kafka_v1_reproducible/kafka_reproducible_standard96s_20260814T163308Z-v1/batch_003_job_15280716/cases/cfg_084/final_report.json,28b566d4879d94205a8b756ffd4a6a72e203a7152f7bae5abee4309e5878fa21
phase1,cfg_120,results/sweeps/kafka_v1_reproducible/kafka_reproducible_standard96s_20260814T163308Z-v1/batch_004_job_15280717/cases/cfg_120/final_report.json,b1dc54b14a8db4d59e88195f47ff1a0f86198bbd07091fbd278ec86c11e4fd03
phase1,cfg_063,results/sweeps/kafka_v1_reproducible/kafka_reproducible_standard96s_20260814T163308Z-v1/batch_003_job_15280716/cases/cfg_063/final_report.json,87cd41df84eb0d8d680a0856b329b44109221bf63f130a725750054f0960ad2a
phase1,cfg_054,results/sweeps/kafka_v1_reproducible/kafka_reproducible_standard96s_20260814T163308Z-v1/batch_002_job_15280715/cases/cfg_054/final_report.json,04dea8864276de0350500dc77f31fb0cbab32113453f0644c781c91605864bb0
phase1,cfg_077,results/sweeps/kafka_v1_reproducible/kafka_reproducible_standard96s_20260814T163308Z-v1/batch_003_job_15280716/cases/cfg_077/final_report.json,a2fdcca73a0120af4a6230c4fafc36e928c530bb8b2003f5168513e816a93ea7
phase1,cfg_070,results/sweeps/kafka_v1_reproducible/kafka_reproducible_standard96s_20260814T163308Z-v1/batch_003_job_15280716/cases/cfg_070/final_report.json,0ad3bd54a870d5e778ff99bdf8cebcc27018ba862b13af998433d88ad3a9c1f8
phase1,cfg_118,results/sweeps/kafka_v1_reproducible/kafka_reproducible_standard96s_20260814T163308Z-v1/batch_004_job_15280717/cases/cfg_118/final_report.json,ea1edae9294e66a95d5078f9fe2ddc271139bd7f48bbf5150ee07929e1255b0d
phase1,cfg_057,results/sweeps/kafka_v1_reproducible/kafka_reproducible_standard96s_20260814T163308Z-v1/batch_002_job_15280715/cases/cfg_057/final_report.json,ac71d9f7a4bfba39b1f0d8d039cbf4da7a1efadb795e4e2e6df9ce39f586bda1
phase1,cfg_004,results/sweeps/kafka_v1_reproducible/kafka_reproducible_standard96s_20260814T163308Z-v1/batch_001_job_15280714/cases/cfg_004/final_report.json,aafbd7bb0a287e4000af03988411c6b5664f7ad5159d6ed734601b12080bae85
phase1,cfg_102,results/sweeps/kafka_v1_reproducible/kafka_reproducible_standard96s_20260814T163308Z-v1/batch_004_job_15280717/cases/cfg_102/final_report.json,035f4be27a0db68ab84a955ef78dfdac931107ce8156d9707f5fe8ff940f29e9
phase1,cfg_046,results/sweeps/kafka_v1_reproducible/kafka_reproducible_standard96s_20260814T163308Z-v1/batch_002_job_15280715/cases/cfg_046/final_report.json,13429381e22a99e6a7e111de5acb5925aac46beb0de6c29fd5f304a74a89b3c3
phase1,cfg_093,results/sweeps/kafka_v1_reproducible/kafka_reproducible_standard96s_20260814T163308Z-v1/batch_004_job_15280717/cases/cfg_093/final_report.json,1a0c4dd9b1e1baf160256c38c8c64c2ea726ea459e0424506b5ecc5a887f7121
phase1,cfg_055,results/sweeps/kafka_v1_reproducible/kafka_reproducible_standard96s_20260814T163308Z-v1/batch_002_job_15280715/cases/cfg_055/final_report.json,cb6d0d9c5b78818208191cab08bea8ec60458eac91a859c80e75e3aa741791f1
phase1,cfg_028,results/sweeps/kafka_v1_reproducible/kafka_reproducible_standard96s_20260814T163308Z-v1/batch_001_job_15280714/cases/cfg_028/final_report.json,a6f39b6679b733351de60a9551d44f3eb7f2f02f21f50c668ccec54d61ee11a2
phase1,cfg_114,results/sweeps/kafka_v1_reproducible/kafka_reproducible_standard96s_20260814T163308Z-v1/batch_004_job_15280717/cases/cfg_114/final_report.json,9cd60d9084dce1ba8852d4340518d7f1d576a4d1926b419ef7e98a1ab9644c90
phase1,cfg_003,results/sweeps/kafka_v1_reproducible/kafka_reproducible_standard96s_20260814T163308Z-v1/batch_001_job_15280714/cases/cfg_003/final_report.json,1238b039cdbc990c32f4e0c9ea5ec1a7ca4a0bce7ed2652afce8539a5f35a040
phase1,cfg_045,results/sweeps/kafka_v1_reproducible/kafka_reproducible_standard96s_20260814T163308Z-v1/batch_002_job_15280715/cases/cfg_045/final_report.json,782beb854a0510b2bbd63efc9dcce7fed4867e10b3cacb7a37140c0431245535
phase1,cfg_050,results/sweeps/kafka_v1_reproducible/kafka_reproducible_standard96s_20260814T163308Z-v1/batch_002_job_15280715/cases/cfg_050/final_report.json,dc1fdbab24a353c64e4a6e85588b5e2688ae5180b98302f3e0f207908cb51e4f
phase1,cfg_089,results/sweeps/kafka_v1_reproducible/kafka_reproducible_standard96s_20260814T163308Z-v1/batch_003_job_15280716/cases/cfg_089/final_report.json,681838469e2f4302ecceb50ba92037a17c7d01752cbcd4a0e1eda1559982a362
phase1,cfg_094,results/sweeps/kafka_v1_reproducible/kafka_reproducible_standard96s_20260814T163308Z-v1/batch_004_job_15280717/cases/cfg_094/final_report.json,d5b593f9f23413859fb5d195fc61a2086568ef7a590621a8fffb5efb0ced1490
phase1,cfg_111,results/sweeps/kafka_v1_reproducible/kafka_reproducible_standard96s_20260814T163308Z-v1/batch_004_job_15280717/cases/cfg_111/final_report.json,1e90c34a31039ce36320ca6233908a5c6a1d29807b69443e467bfe486f800716
phase1,cfg_090,results/sweeps/kafka_v1_reproducible/kafka_reproducible_standard96s_20260814T163308Z-v1/batch_003_job_15280716/cases/cfg_090/final_report.json,bdf66cd3fb845178134f1c2ad3b79490e03da7f013e06659dbdde6370e16bd43
phase1,cfg_059,results/sweeps/kafka_v1_reproducible/kafka_reproducible_standard96s_20260814T163308Z-v1/batch_002_job_15280715/cases/cfg_059/final_report.json,9295902591100db645427502c0e556c00330cc144ec567bb4eee029d4544850c
phase1,cfg_117,results/sweeps/kafka_v1_reproducible/kafka_reproducible_standard96s_20260814T163308Z-v1/batch_004_job_15280717/cases/cfg_117/final_report.json,b558f043a3dc524d42e46dccd985a431276651332d8317c4b09ef9d0fe495e74
phase1,cfg_058,results/sweeps/kafka_v1_reproducible/kafka_reproducible_standard96s_20260814T163308Z-v1/batch_002_job_15280715/cases/cfg_058/final_report.json,4f4315dfbc851bf664937a1154811464e57fd3256cafd124d89b9ea9360789e3
phase1,cfg_110,results/sweeps/kafka_v1_reproducible/kafka_reproducible_standard96s_20260814T163308Z-v1/batch_004_job_15280717/cases/cfg_110/final_report.json,86af50812a5f509be71f8664d0aee24c56496d6c22e47811980c8892a61d64ed
phase1,cfg_082,results/sweeps/kafka_v1_reproducible/kafka_reproducible_standard96s_20260814T163308Z-v1/batch_003_job_15280716/cases/cfg_082/final_report.json,6c6e29870c6bf9b7ec670def59ea46f52e5d91066eca6d3a88bfb605709c1fb3
phase1,cfg_002,results/sweeps/kafka_v1_reproducible/kafka_reproducible_standard96s_20260814T163308Z-v1/batch_001_job_15280714/cases/cfg_002/final_report.json,a1aef732db3aea97c42947a3c2df330fd42c678763e88ded851bcff07de95534
phase1,cfg_106,results/sweeps/kafka_v1_reproducible/kafka_reproducible_standard96s_20260814T163308Z-v1/batch_004_job_15280717/cases/cfg_106/final_report.json,a2188c479e31345d7900df5f5a85bd290811ca2097458a2d0ace91898d73cabe
phase1,cfg_091,results/sweeps/kafka_v1_reproducible/kafka_reproducible_standard96s_20260814T163308Z-v1/batch_004_job_15280717/cases/cfg_091/final_report.json,973181540ae96cb81cf57d0afdffcd00d6cfdcd19bf9d6cc1db69238bd32b29b
phase1,cfg_027,results/sweeps/kafka_v1_reproducible/kafka_reproducible_standard96s_20260814T163308Z-v1/batch_001_job_15280714/cases/cfg_027/final_report.json,512815f2df42100ec72f3965097e65a238767e7586db32ad66317b9c03f0817d
phase1,cfg_085,results/sweeps/kafka_v1_reproducible/kafka_reproducible_standard96s_20260814T163308Z-v1/batch_003_job_15280716/cases/cfg_085/final_report.json,ea85eec03a35c7109eae16fc8e787352bf3594f2bec923e029dc162d29697d28
phase1,cfg_056,results/sweeps/kafka_v1_reproducible/kafka_reproducible_standard96s_20260814T163308Z-v1/batch_002_job_15280715/cases/cfg_056/final_report.json,571e50e04abac7d29eacbe1aeb03b760db33a3cb094eb3788ccda5d84233bf1b
phase1,cfg_076,results/sweeps/kafka_v1_reproducible/kafka_reproducible_standard96s_20260814T163308Z-v1/batch_003_job_15280716/cases/cfg_076/final_report.json,d7d1efa2f866f63c155aba59fc285c1025a3b873e658b4f60cd6cef4b3a2a012
phase1,cfg_074,results/sweeps/kafka_v1_reproducible/kafka_reproducible_standard96s_20260814T163308Z-v1/batch_003_job_15280716/cases/cfg_074/final_report.json,044a9b75ba5270425dda3a2791bac3379549e0a23f751b3f12453d4d1d37d3b3
phase1,cfg_073,results/sweeps/kafka_v1_reproducible/kafka_reproducible_standard96s_20260814T163308Z-v1/batch_003_job_15280716/cases/cfg_073/final_report.json,20c382fff3ff4429feeb50939b7b88fd7af87ae5cb6454901714195af3c6ae52
phase1,cfg_115,results/sweeps/kafka_v1_reproducible/kafka_reproducible_standard96s_20260814T163308Z-v1/batch_004_job_15280717/cases/cfg_115/final_report.json,4732061ff13fc75d4c44c3ca49c2c588c125e61a16cd4ed78b0ae656f162b318
phase1,cfg_092,results/sweeps/kafka_v1_reproducible/kafka_reproducible_standard96s_20260814T163308Z-v1/batch_004_job_15280717/cases/cfg_092/final_report.json,d2c3e19df5a03d0f54a87c31522c6e94a1bce4285a94ed6b1f6f4b9a201b0373
phase1,cfg_097,results/sweeps/kafka_v1_reproducible/kafka_reproducible_standard96s_20260814T163308Z-v1/batch_004_job_15280717/cases/cfg_097/final_report.json,aae8a25b0b84ce4f047306d3b984cfbf7c550d66a5eb01ce254713b07ec35f70
phase1,cfg_067,results/sweeps/kafka_v1_reproducible/kafka_reproducible_standard96s_20260814T163308Z-v1/batch_003_job_15280716/cases/cfg_067/final_report.json,3bb1d5794a0f6ea38dd5c14983427da43bc3c04cdf9ff9b09325ca66dea43c5b
phase1,cfg_101,results/sweeps/kafka_v1_reproducible/kafka_reproducible_standard96s_20260814T163308Z-v1/batch_004_job_15280717/cases/cfg_101/final_report.json,f5f1673178b3de6bd92534dca8298e722e3fc85e13fcaf9a5ba4a28d4c9bfe3f
phase1,cfg_066,results/sweeps/kafka_v1_reproducible/kafka_reproducible_standard96s_20260814T163308Z-v1/batch_003_job_15280716/cases/cfg_066/final_report.json,7ef35de2341a63a37cceb26b03c05fa7fe86e1cabbf0ce10be0c95c6df5655d3
phase1,cfg_087,results/sweeps/kafka_v1_reproducible/kafka_reproducible_standard96s_20260814T163308Z-v1/batch_003_job_15280716/cases/cfg_087/final_report.json,ea077857496c4a329be192e5962fe695e7eeea04dc1f2992f718431508e85a6d
phase1,cfg_075,results/sweeps/kafka_v1_reproducible/kafka_reproducible_standard96s_20260814T163308Z-v1/batch_003_job_15280716/cases/cfg_075/final_report.json,7b525f964daec92004f27d2823de1b19037fd01c93f1ebbe494bdd3e9645105f
phase1,cfg_105,results/sweeps/kafka_v1_reproducible/kafka_reproducible_standard96s_20260814T163308Z-v1/batch_004_job_15280717/cases/cfg_105/final_report.json,b5c0e624cc76f57a61573a3feb1095e08ddca939fc4872f5556566b3c843585d
phase1,cfg_072,results/sweeps/kafka_v1_reproducible/kafka_reproducible_standard96s_20260814T163308Z-v1/batch_003_job_15280716/cases/cfg_072/final_report.json,530e2ba2f8ea98da3508aceb12b1e01eec84f320ebff753e1b48ff37358b1d49
phase1,cfg_098,results/sweeps/kafka_v1_reproducible/kafka_reproducible_standard96s_20260814T163308Z-v1/batch_004_job_15280717/cases/cfg_098/final_report.json,7ea2dbd8d085a255c371f51f3646b06db7baed0e305aad21a7e445282b4c3892
phase1,cfg_071,results/sweeps/kafka_v1_reproducible/kafka_reproducible_standard96s_20260814T163308Z-v1/batch_003_job_15280716/cases/cfg_071/final_report.json,55a509ec2f60bcb35e5eb6818e7add24d8eb6b3aa0ba0fdae98ccc4562e49f16
phase1,cfg_112,results/sweeps/kafka_v1_reproducible/kafka_reproducible_standard96s_20260814T163308Z-v1/batch_004_job_15280717/cases/cfg_112/final_report.json,5610949a86faeb35bee608460daa7e4dee9fa097954fc8f92fe0f83aa242002c
phase1,cfg_099,results/sweeps/kafka_v1_reproducible/kafka_reproducible_standard96s_20260814T163308Z-v1/batch_004_job_15280717/cases/cfg_099/final_report.json,e1e763e18a32d84f7b9300406c1494aa4af1f08c27215704c654cbc0792a8e28
phase1,cfg_030,results/sweeps/kafka_v1_reproducible/kafka_reproducible_standard96s_20260814T163308Z-v1/batch_001_job_15280714/cases/cfg_030/final_report.json,074ab05fa7873dd44bc19771401f4647a2ce87e419f6dc98c0d130b7146918d7
phase1,cfg_079,results/sweeps/kafka_v1_reproducible/kafka_reproducible_standard96s_20260814T163308Z-v1/batch_003_job_15280716/cases/cfg_079/final_report.json,7662cd07222e243de76ac9616c21092a84b4cc8bf82dd24b9583d7a9d2938b7c
phase1,cfg_083,results/sweeps/kafka_v1_reproducible/kafka_reproducible_standard96s_20260814T163308Z-v1/batch_003_job_15280716/cases/cfg_083/final_report.json,7d4e4edc247e19348b938c9dc593e3222af2ba1ee91ecdb9d79174519ffd9395
phase1,cfg_119,results/sweeps/kafka_v1_reproducible/kafka_reproducible_standard96s_20260814T163308Z-v1/batch_004_job_15280717/cases/cfg_119/final_report.json,137bb9f5675192fb8f82e090f7de96bc25c6657199fff6428bb38038d1ab31e1
phase1,cfg_108,results/sweeps/kafka_v1_reproducible/kafka_reproducible_standard96s_20260814T163308Z-v1/batch_004_job_15280717/cases/cfg_108/final_report.json,904681849e32bf57d8f3b632a06f0007dc4974874921a6098b1c73780c626bc8
phase1,cfg_100,results/sweeps/kafka_v1_reproducible/kafka_reproducible_standard96s_20260814T163308Z-v1/batch_004_job_15280717/cases/cfg_100/final_report.json,5aa8496af5b4a952049586d13512b7c7d5f092475e98317febdfc539675fc6c3
phase1,cfg_103,results/sweeps/kafka_v1_reproducible/kafka_reproducible_standard96s_20260814T163308Z-v1/repairs/repair-03/batch_001/cases/cfg_103/final_report.json,1e48b103a494481cbbed7ddb69ae182906d4b67905e463cc16731f58eae7ac0b
phase1,cfg_109,results/sweeps/kafka_v1_reproducible/kafka_reproducible_standard96s_20260814T163308Z-v1/batch_004_job_15280717/cases/cfg_109/final_report.json,f9c21f28e71fe622ada9b228cc2ee4376fca6ebb98afcc0fc0ee385966a8f9b5
phase1,cfg_039,results/sweeps/kafka_v1_reproducible/kafka_reproducible_standard96s_20260814T163308Z-v1/batch_002_job_15280715/cases/cfg_039/final_report.json,183096d78467b1b0a5a2dc08ead9d2d4d4a72323b5f5c9bfbbbec39bb772481a
phase1,cfg_051,results/sweeps/kafka_v1_reproducible/kafka_reproducible_standard96s_20260814T163308Z-v1/batch_002_job_15280715/cases/cfg_051/final_report.json,fcd8d92bd4d2081edf30df49092060f6b9f0bd960991deb396d74668c94c27eb
phase1,cfg_069,results/sweeps/kafka_v1_reproducible/kafka_reproducible_standard96s_20260814T163308Z-v1/batch_003_job_15280716/cases/cfg_069/final_report.json,71f98a30e0a7e687e7c9187cf0f9fa8f98e64bab0df9c129053bb5a3ec452da4
validation,kafka-v1r-b01-cfg007,results/sweeps/kafka_v1_reproducible/kafka_reproducible_standard96s_20260814T163308Z-v1/batch_001_job_15303484/cases/kafka-v1r-b01-cfg007/final_report.json,ed2256302712a7a98766b61ec2b19a65d9ef849cc1a32dc984fab6d77e458a1d
validation,kafka-v1r-b01-cfg094,results/sweeps/kafka_v1_reproducible/kafka_reproducible_standard96s_20260814T163308Z-v1/batch_001_job_15303484/cases/kafka-v1r-b01-cfg094/final_report.json,59242c6f97c98a6e3aa82272871e2d2965f0a9314931f473aca447b623491c47
validation,kafka-v1r-b01-cfg096,results/sweeps/kafka_v1_reproducible/kafka_reproducible_standard96s_20260814T163308Z-v1/batch_001_job_15303484/cases/kafka-v1r-b01-cfg096/final_report.json,c843dc88439a6ace526673a8f78c716648269985d38479faf0c1c8712c4f6c2e
validation,kafka-v1r-b01-cfg101,results/sweeps/kafka_v1_reproducible/kafka_reproducible_standard96s_20260814T163308Z-v1/batch_001_job_15303484/cases/kafka-v1r-b01-cfg101/final_report.json,e59d4806b89fa3a13402bb92b58d2b71c61533a8fbcb9b16d4f52a9a9ca26095
validation,kafka-v1r-b01-cfg061,results/sweeps/kafka_v1_reproducible/kafka_reproducible_standard96s_20260814T163308Z-v1/batch_001_job_15303484/cases/kafka-v1r-b01-cfg061/final_report.json,b6210cb5482721895bdaca85f458796b51ec8df2c2a00af8d53e8b472294592a
validation,kafka-v1r-b01-cfg001,results/sweeps/kafka_v1_reproducible/kafka_reproducible_standard96s_20260814T163308Z-v1/batch_001_job_15303484/cases/kafka-v1r-b01-cfg001/final_report.json,707bc651f13a6c7b3711536ab190e91c54c4808f6ceca10e559d1b50f8c2bfa4
validation,kafka-v1r-b01-cfg107,results/sweeps/kafka_v1_reproducible/kafka_reproducible_standard96s_20260814T163308Z-v1/batch_001_job_15303484/cases/kafka-v1r-b01-cfg107/final_report.json,485550f278055344479077bb97dc8a646a57bc26fb25465d69d638bd344e7742
validation,kafka-v1r-b01-cfg049,results/sweeps/kafka_v1_reproducible/kafka_reproducible_standard96s_20260814T163308Z-v1/batch_001_job_15303484/cases/kafka-v1r-b01-cfg049/final_report.json,16b4f9ffe8575ae0cb1f3bb8aede1dc12e410ada94e0533f8bfa02fe75bb04d2
validation,kafka-v1r-b01-cfg062,results/sweeps/kafka_v1_reproducible/kafka_reproducible_standard96s_20260814T163308Z-v1/batch_001_job_15303484/cases/kafka-v1r-b01-cfg062/final_report.json,07a65dddebdcc5184e31c424d50ccbe764943f5922398699e5f8e0c3783b7abf
validation,kafka-v1r-b01-cfg113,results/sweeps/kafka_v1_reproducible/kafka_reproducible_standard96s_20260814T163308Z-v1/batch_001_job_15303484/cases/kafka-v1r-b01-cfg113/final_report.json,86b32d9e9dc2ff67e95f6d91498ab03e6ffa28932c86e630967494b5bed61179
validation,kafka-v1r-b02-cfg113,results/sweeps/kafka_v1_reproducible/kafka_reproducible_standard96s_20260814T163308Z-v1/batch_001_job_15303484/cases/kafka-v1r-b02-cfg113/final_report.json,27da55fe2bb3d9bf4db1f75dd0dac13086a616b091b567bae971239ab22c3ecc
validation,kafka-v1r-b02-cfg094,results/sweeps/kafka_v1_reproducible/kafka_reproducible_standard96s_20260814T163308Z-v1/batch_001_job_15303484/cases/kafka-v1r-b02-cfg094/final_report.json,ce492caf495fd0bdf97bb20100a0a56ddef9b4f06b4602ebb9fb5e878701a0eb
validation,kafka-v1r-b02-cfg007,results/sweeps/kafka_v1_reproducible/kafka_reproducible_standard96s_20260814T163308Z-v1/batch_001_job_15303484/cases/kafka-v1r-b02-cfg007/final_report.json,f4811b843ebff7e22d1dfd4a43cdbde0bd029f9afcb616984e83188f9cf85f04
validation,kafka-v1r-b02-cfg062,results/sweeps/kafka_v1_reproducible/kafka_reproducible_standard96s_20260814T163308Z-v1/batch_001_job_15303484/cases/kafka-v1r-b02-cfg062/final_report.json,a50f63e51a776655bf3018ad33f0023c1a39fd6c02e1ccb99a7e8e193865b70e
validation,kafka-v1r-b02-cfg107,results/sweeps/kafka_v1_reproducible/kafka_reproducible_standard96s_20260814T163308Z-v1/batch_001_job_15303484/cases/kafka-v1r-b02-cfg107/final_report.json,c677caf8f4bc2247378cf16177dfa9cc055f5bbf0e918d2ce3d1fb369892698a
validation,kafka-v1r-b02-cfg049,results/sweeps/kafka_v1_reproducible/kafka_reproducible_standard96s_20260814T163308Z-v1/batch_001_job_15303484/cases/kafka-v1r-b02-cfg049/final_report.json,4d47474bbfa5d2163e1f2c733eab6447bf399e93a155081396b3ea38ba28d282
validation,kafka-v1r-b02-cfg101,results/sweeps/kafka_v1_reproducible/kafka_reproducible_standard96s_20260814T163308Z-v1/batch_001_job_15303484/cases/kafka-v1r-b02-cfg101/final_report.json,75d9800503c77983aba4a7b40ec58ccf84a3ba7f94c57c9d1fca6287ddc9dd31
validation,kafka-v1r-b02-cfg061,results/sweeps/kafka_v1_reproducible/kafka_reproducible_standard96s_20260814T163308Z-v1/batch_001_job_15303484/cases/kafka-v1r-b02-cfg061/final_report.json,a4cd29bb447b93dd1d9f6a16518d9a0cac3208f8ea6dcf465711ff2114949542
validation,kafka-v1r-b02-cfg001,results/sweeps/kafka_v1_reproducible/kafka_reproducible_standard96s_20260814T163308Z-v1/batch_001_job_15303484/cases/kafka-v1r-b02-cfg001/final_report.json,3ee89e567bbb05e8d434f884884450b6ab9b31ae17d5c06f5528369cc077ad6f
validation,kafka-v1r-b02-cfg096,results/sweeps/kafka_v1_reproducible/kafka_reproducible_standard96s_20260814T163308Z-v1/batch_001_job_15303484/cases/kafka-v1r-b02-cfg096/final_report.json,ad03f4d13df57df8e99e3ce244048a7722c6329086c3e39b2e4fcc3e3fafbe50
validation,kafka-v1r-b03-cfg062,results/sweeps/kafka_v1_reproducible/kafka_reproducible_standard96s_20260814T163308Z-v1/batch_001_job_15303484/cases/kafka-v1r-b03-cfg062/final_report.json,995126e5e7999d9196ce9995d4687df6e99dc6607bede811e72e168fe2118053
validation,kafka-v1r-b03-cfg113,results/sweeps/kafka_v1_reproducible/kafka_reproducible_standard96s_20260814T163308Z-v1/batch_001_job_15303484/cases/kafka-v1r-b03-cfg113/final_report.json,dd47416b3b621d8c6a3c4f343616ca930368027e196d22db2ce964ca3932fc6b
validation,kafka-v1r-b03-cfg007,results/sweeps/kafka_v1_reproducible/kafka_reproducible_standard96s_20260814T163308Z-v1/batch_001_job_15303484/cases/kafka-v1r-b03-cfg007/final_report.json,7afa25cae2e11c6a8e5c10026d75077b2a1f46282ac64242936803565bbd2628
validation,kafka-v1r-b03-cfg001,results/sweeps/kafka_v1_reproducible/kafka_reproducible_standard96s_20260814T163308Z-v1/batch_001_job_15303484/cases/kafka-v1r-b03-cfg001/final_report.json,d6a814ad7be4f740e10aae977112be0617384b49c24bf953ebad59b7ca2f0ef3
validation,kafka-v1r-b03-cfg096,results/sweeps/kafka_v1_reproducible/kafka_reproducible_standard96s_20260814T163308Z-v1/batch_001_job_15303484/cases/kafka-v1r-b03-cfg096/final_report.json,452f7e5942b1b300cebee553b47dfacb5bee6a8822827753deb5ce3d9a16f775
validation,kafka-v1r-b03-cfg107,results/sweeps/kafka_v1_reproducible/kafka_reproducible_standard96s_20260814T163308Z-v1/batch_001_job_15303484/cases/kafka-v1r-b03-cfg107/final_report.json,e2b2b537e5fd5afa4f2736f3b4f7d5415fe229437b4862478c4ca433acdfb0d9
validation,kafka-v1r-b03-cfg049,results/sweeps/kafka_v1_reproducible/kafka_reproducible_standard96s_20260814T163308Z-v1/batch_001_job_15303484/cases/kafka-v1r-b03-cfg049/final_report.json,449f1f7580ae0d681351d02855cd1fa57430f794bea3ea898167a9d15d28f54f
validation,kafka-v1r-b03-cfg101,results/sweeps/kafka_v1_reproducible/kafka_reproducible_standard96s_20260814T163308Z-v1/batch_001_job_15303484/cases/kafka-v1r-b03-cfg101/final_report.json,a1fc1c7d1ba2c4c6315b90acfa3781485dac4aa7e9bae3e1ad69b4a6522aef9a
validation,kafka-v1r-b03-cfg061,results/sweeps/kafka_v1_reproducible/kafka_reproducible_standard96s_20260814T163308Z-v1/batch_001_job_15303484/cases/kafka-v1r-b03-cfg061/final_report.json,2f05ba050c1ab91588dbff2db009e18ecccbbd6cdbeb2117c2ad23698924a84b
validation,kafka-v1r-b03-cfg094,results/sweeps/kafka_v1_reproducible/kafka_reproducible_standard96s_20260814T163308Z-v1/batch_001_job_15303484/cases/kafka-v1r-b03-cfg094/final_report.json,c58f92cd8dc0b52603063de48b5a51b1c3f05412aecbb66f80e754252fa802c1
validation,kafka-v1r-b04-cfg096,results/sweeps/kafka_v1_reproducible/kafka_reproducible_standard96s_20260814T163308Z-v1/batch_002_job_15303485/cases/kafka-v1r-b04-cfg096/final_report.json,8e37135e3f03d2b140f1373385bb1b1818e4bd07562f5657e78b539aec71340a
validation,kafka-v1r-b04-cfg101,results/sweeps/kafka_v1_reproducible/kafka_reproducible_standard96s_20260814T163308Z-v1/batch_002_job_15303485/cases/kafka-v1r-b04-cfg101/final_report.json,6803681826a3312670cb0d61600a2c582ae1d2d693b812244affcd0ba7e6b352
validation,kafka-v1r-b04-cfg094,results/sweeps/kafka_v1_reproducible/kafka_reproducible_standard96s_20260814T163308Z-v1/batch_002_job_15303485/cases/kafka-v1r-b04-cfg094/final_report.json,78da4b9e90c297644c54d1981b7e990778eeba9f3af543bb85af31898d1eb7c8
validation,kafka-v1r-b04-cfg061,results/sweeps/kafka_v1_reproducible/kafka_reproducible_standard96s_20260814T163308Z-v1/batch_002_job_15303485/cases/kafka-v1r-b04-cfg061/final_report.json,88431e4c6c018316be7bb132796e6a2574e14487a007d39da37b188d4b233259
validation,kafka-v1r-b04-cfg049,results/sweeps/kafka_v1_reproducible/kafka_reproducible_standard96s_20260814T163308Z-v1/batch_002_job_15303485/cases/kafka-v1r-b04-cfg049/final_report.json,f04f04fe895f5df5fb1cd4a65afebb7d8375c10142e63531ebd65bb7a2c56d29
validation,kafka-v1r-b04-cfg007,results/sweeps/kafka_v1_reproducible/kafka_reproducible_standard96s_20260814T163308Z-v1/batch_002_job_15303485/cases/kafka-v1r-b04-cfg007/final_report.json,03c512cfaf0502e4147cfdb43e9e070ae72cd4fdc831d5eb91b8218b67cd5a5f
validation,kafka-v1r-b04-cfg062,results/sweeps/kafka_v1_reproducible/kafka_reproducible_standard96s_20260814T163308Z-v1/batch_002_job_15303485/cases/kafka-v1r-b04-cfg062/final_report.json,2dfc85e27fc51af9a71f82aa7e38cf6c38ad69f006316eeb32bd259a27166ed1
validation,kafka-v1r-b04-cfg107,results/sweeps/kafka_v1_reproducible/kafka_reproducible_standard96s_20260814T163308Z-v1/batch_002_job_15303485/cases/kafka-v1r-b04-cfg107/final_report.json,0d01f3c077643032cd5596924fb013deb6b3a3cef02e5ae09c4e8e3c41e736b8
validation,kafka-v1r-b04-cfg113,results/sweeps/kafka_v1_reproducible/kafka_reproducible_standard96s_20260814T163308Z-v1/batch_002_job_15303485/cases/kafka-v1r-b04-cfg113/final_report.json,b79903b4406b7cac0e7b332340fea61dbb15797006c07c62beb7a637eaa91f29
validation,kafka-v1r-b04-cfg001,results/sweeps/kafka_v1_reproducible/kafka_reproducible_standard96s_20260814T163308Z-v1/batch_002_job_15303485/cases/kafka-v1r-b04-cfg001/final_report.json,f68d748e52e79879046cf917aadb2496b7f98baeca65e3abe1d3c4b1b6838e05
validation,kafka-v1r-b05-cfg107,results/sweeps/kafka_v1_reproducible/kafka_reproducible_standard96s_20260814T163308Z-v1/batch_002_job_15303485/cases/kafka-v1r-b05-cfg107/final_report.json,f69ad599d9effaa9379966bb791cb36c359b0be816a7e81d4108624c294ac36c
validation,kafka-v1r-b05-cfg001,results/sweeps/kafka_v1_reproducible/kafka_reproducible_standard96s_20260814T163308Z-v1/batch_002_job_15303485/cases/kafka-v1r-b05-cfg001/final_report.json,f898f5bd07c26668492ce3a2b2f00b7e5e65f8446c9d0528b6fa247c77dd4ea1
validation,kafka-v1r-b05-cfg062,results/sweeps/kafka_v1_reproducible/kafka_reproducible_standard96s_20260814T163308Z-v1/batch_002_job_15303485/cases/kafka-v1r-b05-cfg062/final_report.json,bb587f742c90c06c98d75612dab8321abe2cf4dc976614c3067bc184b80f9d82
validation,kafka-v1r-b05-cfg061,results/sweeps/kafka_v1_reproducible/kafka_reproducible_standard96s_20260814T163308Z-v1/batch_002_job_15303485/cases/kafka-v1r-b05-cfg061/final_report.json,bd685030f1104ba1420bcf0c5218ca445e412d2b1e115405e32cf34f07d2a960
validation,kafka-v1r-b05-cfg007,results/sweeps/kafka_v1_reproducible/kafka_reproducible_standard96s_20260814T163308Z-v1/batch_002_job_15303485/cases/kafka-v1r-b05-cfg007/final_report.json,99432840f8bfff0f4b1f15c27641400cfce9fec654c10c03ed020a157ea9fdb1
validation,kafka-v1r-b05-cfg094,results/sweeps/kafka_v1_reproducible/kafka_reproducible_standard96s_20260814T163308Z-v1/batch_002_job_15303485/cases/kafka-v1r-b05-cfg094/final_report.json,1c6a964492e4f9f7ab743c253cd993f9ff3c1799f791d5dfc0d5638d12b8cc83
validation,kafka-v1r-b05-cfg049,results/sweeps/kafka_v1_reproducible/kafka_reproducible_standard96s_20260814T163308Z-v1/batch_002_job_15303485/cases/kafka-v1r-b05-cfg049/final_report.json,c901c84151f5e1e9472f5f157623926758f6a63054948969433d5b799d03bcfb
validation,kafka-v1r-b05-cfg113,results/sweeps/kafka_v1_reproducible/kafka_reproducible_standard96s_20260814T163308Z-v1/batch_002_job_15303485/cases/kafka-v1r-b05-cfg113/final_report.json,d747f26df8f2cf1f07d855dbaaa0d0181bde598387f9149b2da6191b3ced7082
validation,kafka-v1r-b05-cfg096,results/sweeps/kafka_v1_reproducible/kafka_reproducible_standard96s_20260814T163308Z-v1/batch_002_job_15303485/cases/kafka-v1r-b05-cfg096/final_report.json,7fbbf03373cc03e0917f61d85496d78f6a742c3e3f3fa7487e4190df8097e4b6
validation,kafka-v1r-b05-cfg101,results/sweeps/kafka_v1_reproducible/kafka_reproducible_standard96s_20260814T163308Z-v1/batch_002_job_15303485/cases/kafka-v1r-b05-cfg101/final_report.json,3e27b02005439e605f36ef7f65c16153f6ffd15462a3ed82bec12ff71afae741
