stage,job_id,status
v1-phase1-submit,15280714,completed
v1-phase1-submit,15280715,completed
v1-phase1-submit,15280716,completed
v1-phase1-submit,15280717,completed
v1-phase1-wait,15280714,completed
v1-phase1-wait,15280715,completed
v1-phase1-wait,15280716,completed
v1-phase1-wait,15280717,completed
v1-validation-submit,15303484,completed
v1-validation-submit,15303485,completed
v1-validation-wait,15303484,completed
v1-validation-wait,15303485,completed
v2-pilot-submit,15307132,completed
v2-pilot-wait,15307132,completed
v2-calibration-submit,15310124,completed
v2-calibration-wait,15310124,completed
v2-screening-submit,15321888,completed
v2-screening-wait,15321888,completed
v2-confirmation-submit,15323389,completed
v2-confirmation-wait,15323389,completed
v2-final-submit,15324660,completed
v2-final-submit,15324661,completed
v2-final-wait,15324660,completed
v2-final-wait,15324661,completed
