stage,phase,description,status,attempt_count,started_at,completed_at,job_count,artifact_count,result_path_count,selected_configs,selected_profiles
preflight,setup,check Kafka workflow implementation and environment,completed,1,2026-08-14T16:33:11+00:00,2026-08-14T16:33:11+00:00,0,0,0,,
v1-generate,phase1,generate the isolated 120-case reproducible V1 campaign,completed,1,2026-08-14T16:33:11+00:00,2026-08-14T16:33:13+00:00,0,3,0,,
v1-phase1-analyze,phase1,rank Phase 1 and derive its ten-workload shortlist,completed,1,2026-08-15T19:14:33+00:00,2026-08-15T19:14:42+00:00,0,8,0,"cfg_107,cfg_061,cfg_113,cfg_101,cfg_094,cfg_001,cfg_007,cfg_062,cfg_049,cfg_096",
v1-phase1-submit,phase1,submit four independent Kafka Phase 1 batch jobs,completed,1,2026-08-14T16:33:13+00:00,2026-08-14T16:34:59+00:00,4,1,1,,
v1-phase1-verify,phase1,verify 120 complete Phase 1 results and the eligible-evidence threshold,completed,4,2026-08-15T19:14:11+00:00,2026-08-15T19:14:33+00:00,0,5,2,,
v1-phase1-wait,phase1,wait for Kafka Phase 1 jobs,completed,1,2026-08-14T16:34:59+00:00,2026-08-15T00:32:21+00:00,4,0,0,,
v1-validation-generate,validation,generate five randomized shortlist-validation blocks,completed,1,2026-08-15T19:14:42+00:00,2026-08-15T19:14:43+00:00,0,2,0,,
v1-validation-submit,validation,submit repeated V1 validation batches,completed,1,2026-08-15T19:35:22+00:00,2026-08-15T19:36:58+00:00,2,1,1,,
v1-validation-wait,validation,wait for repeated V1 validation jobs,completed,1,2026-08-15T19:36:58+00:00,2026-08-15T23:22:04+00:00,2,0,0,,
v1-validation-verify,validation,verify all 50 repeated-validation case results,completed,1,2026-08-15T23:22:04+00:00,2026-08-15T23:22:47+00:00,0,2,2,,
v1-validation-analyze,validation,aggregate and rank repeated V1 validation,completed,1,2026-08-15T23:22:48+00:00,2026-08-15T23:23:02+00:00,0,8,0,cfg_001,
v1-finalize,v1-finalize,"finalize validated V1 JSON/CSV artifacts, manifests, and checksums",completed,1,2026-08-15T23:23:02+00:00,2026-08-15T23:23:03+00:00,0,17,0,,
v2-initialize,v2-pilot,"generate broker profiles, instrumentation pilots, and calibration inputs",completed,1,2026-08-15T23:23:03+00:00,2026-08-15T23:23:03+00:00,0,2,0,,
v2-pilot-submit,v2-pilot,submit the instrumentation A/B pilot,completed,1,2026-08-15T23:23:03+00:00,2026-08-15T23:23:24+00:00,1,1,1,,
v2-pilot-wait,v2-pilot,wait for the instrumentation pilot,completed,1,2026-08-15T23:23:24+00:00,2026-08-16T02:35:30+00:00,1,0,0,,
v2-pilot-verify,v2-pilot,verify all six instrumentation case results,completed,1,2026-08-16T02:35:30+00:00,2026-08-16T02:35:31+00:00,0,2,2,,
v2-pilot-analyze,v2-pilot,apply the predefined instrumentation-overhead gate,completed,1,2026-08-16T02:35:31+00:00,2026-08-16T02:35:32+00:00,0,6,0,,
v2-calibration-submit,v2-calibration,submit three B0 latency-anchor calibration cases,completed,1,2026-08-16T02:35:32+00:00,2026-08-16T02:35:45+00:00,1,1,1,,
v2-calibration-wait,v2-calibration,wait for rate calibration,completed,1,2026-08-16T02:35:45+00:00,2026-08-16T14:53:30+00:00,1,0,0,,
v2-calibration-verify,v2-calibration,verify three valid calibration case results,completed,1,2026-08-16T14:53:30+00:00,2026-08-16T14:53:32+00:00,0,2,2,,
v2-calibration-analyze,v2-calibration,materialize calibration analysis artifacts,completed,1,2026-08-16T14:53:32+00:00,2026-08-16T14:53:34+00:00,0,6,0,,
v2-screening-generate,v2-screening,derive fixed offered rate and generate 30 profile-screening cases,completed,1,2026-08-16T14:53:34+00:00,2026-08-16T14:53:35+00:00,0,2,0,,
v2-screening-submit,v2-screening,submit the six-profile screening campaign,completed,1,2026-08-16T14:53:35+00:00,2026-08-16T14:55:07+00:00,1,1,1,,
v2-screening-wait,v2-screening,wait for broker-profile screening,completed,1,2026-08-16T14:55:07+00:00,2026-08-16T16:19:53+00:00,1,0,0,,
v2-screening-verify,v2-screening,verify all 30 screening case results,completed,1,2026-08-16T16:19:53+00:00,2026-08-16T16:20:01+00:00,0,2,2,,
v2-screening-analyze,v2-screening,select B0 and two unambiguous confirmation candidates,completed,1,2026-08-16T16:20:01+00:00,2026-08-16T16:20:08+00:00,0,6,0,,"B0,B3,B5"
v2-confirmation-generate,v2-confirmation,generate two additional randomized profile repetitions,completed,1,2026-08-16T16:20:08+00:00,2026-08-16T16:20:08+00:00,0,1,0,,"B0,B3,B5"
v2-confirmation-submit,v2-confirmation,submit the profile-confirmation campaign,completed,1,2026-08-16T16:20:09+00:00,2026-08-16T16:21:43+00:00,1,1,1,,
v2-confirmation-wait,v2-confirmation,wait for profile confirmation,completed,1,2026-08-16T16:21:44+00:00,2026-08-16T17:36:26+00:00,1,0,0,,
v2-confirmation-verify,v2-confirmation,verify all required confirmation case results,completed,1,2026-08-16T17:36:26+00:00,2026-08-16T17:36:38+00:00,0,2,2,,
v2-confirmation-analyze,v2-confirmation,apply the predefined B0/non-regression profile-freeze policy,completed,1,2026-08-16T17:36:38+00:00,2026-08-16T17:36:49+00:00,0,6,0,,B0
v2-final-generate,v2-final,freeze the winner and generate five validation blocks,completed,1,2026-08-16T17:36:49+00:00,2026-08-16T17:36:55+00:00,0,4,0,,B0
v2-final-submit,v2-final,submit frozen-profile final validation,completed,1,2026-08-16T17:36:55+00:00,2026-08-16T17:38:31+00:00,2,1,1,,
v2-final-wait,v2-final,wait for final V2 validation,completed,1,2026-08-16T17:38:31+00:00,2026-08-16T19:58:11+00:00,2,0,0,,
v2-final-verify,v2-final,verify all 50 frozen-profile validation case results,completed,1,2026-08-16T19:58:11+00:00,2026-08-16T19:58:32+00:00,0,2,2,,
v2-final-analyze,v2-final,generate complete validated V2 JSON/CSV artifacts and checksums,completed,1,2026-08-16T19:58:32+00:00,2026-08-16T19:59:02+00:00,0,23,0,,
