anchor_id,broker_profile,included_in_rate_geometric_mean,observations,eligible,qualified,median_balanced_endpoint_mibps,matching_B0_median_mibps,rate_ratio_to_B0,median_p99_ms,matching_B0_median_p99_ms,p99_ratio_to_B0
cfg_107,B0,True,3,3,3,3019.91717661088,3019.91717661088,1.0,6040.0,6040.0,1.0
cfg_107,B3,True,3,3,3,2998.4158854166667,3019.91717661088,0.9928801718932097,188.0,6040.0,0.031125827814569535
cfg_107,B5,True,3,3,3,2997.473177083333,3019.91717661088,0.9925680082548706,189.0,6040.0,0.03129139072847682
cfg_061,B0,True,3,3,3,3019.3835884166133,3019.3835884166133,1.0,6710.0,6710.0,1.0
cfg_061,B3,True,3,3,3,3026.3473958333334,3019.3835884166133,1.0023063672477508,122.0,6710.0,0.01818181818181818
cfg_061,B5,True,3,3,3,3025.2125,3019.3835884166133,1.0019304972066976,136.0,6710.0,0.020268256333830104
cfg_094,B0,True,3,3,3,1000.1236028427561,1000.1236028427561,1.0,740.0,740.0,1.0
cfg_094,B3,True,3,3,3,994.7920162079841,1000.1236028427561,0.9946690722830483,770.0,740.0,1.0405405405405406
cfg_094,B5,True,3,3,3,994.3017619283327,1000.1236028427561,0.9941788785927306,744.0,740.0,1.0054054054054054
cfg_101,B0,True,3,3,0,2964.4074936973316,2964.4074936973316,1.0,9900.0,9900.0,1.0
cfg_101,B3,True,3,3,3,3192.9313052024213,2964.4074936973316,1.0770892031513741,120.0,9900.0,0.012121212121212121
cfg_101,B5,True,3,3,3,3190.5328125,2964.4074936973316,1.0762801063225744,131.0,9900.0,0.013232323232323233
latency_anchor,B0,False,3,3,3,1107.5029516792329,1107.5029516792329,1.0,544.0,544.0,1.0
latency_anchor,B3,False,3,3,3,1107.6178604115755,1107.5029516792329,1.0001037547865388,324.0,544.0,0.5955882352941176
latency_anchor,B5,False,3,3,3,1107.325387035533,1107.5029516792329,0.9998396711779136,325.0,544.0,0.5974264705882353
