stage,config_id,eligible_count,qualified_count,eligible_median_mibps,qualified_median_mibps,eligible_iqr_mibps,eligible_median_pending_percent,eligible_median_flush_sec,eligible_median_failed_percent,implemented_rank,qualified_only_rank
V1,cfg_001,5,5,1746.4325520833333,1746.4325520833333,1.4878906249998636,0.32033842594054146,0.1029504518955946,0.0,1,1
V1,cfg_094,5,5,1001.2543512031673,1001.2543512031673,1.5578593945286912,1.151109758574196,0.3900350872427225,0.0,2,2
V1,cfg_096,5,4,2456.6897386493433,2539.9800255746713,179.3477326173088,4.207432684989183,2.8569804781582206,0.0,3,3
V1,cfg_062,5,3,2783.763974816658,2909.9019846944884,345.71164514851307,2.8622401864324014,2.2155470801517367,0.0,4,4
V1,cfg_113,5,2,2693.4506244213885,3051.8397425789526,651.1710356213384,15.411332869438857,5.67315819603391,0.0,5,5
V1,cfg_007,5,2,2571.861355767761,2829.1421123799846,210.61162345731464,12.642289489630588,4.549465883988887,0.0,6,8
V1,cfg_049,5,2,2539.012332451051,2795.3630863732055,278.8531478040509,12.63383212875437,4.976970490068197,0.0,7,9
V1,cfg_107,5,2,2485.0413625034766,2939.4648403266056,369.8141640157287,22.129775426067816,8.84735622885637,0.0,8,7
V1,cfg_061,5,2,2453.3070768757693,3003.2508168401127,573.3281680465743,22.235659830383934,9.199511524057016,0.0,9,6
V1,cfg_101,5,0,2398.5661458333334,,579.1037616492367,25.630923676911298,10.008681713836268,0.0011037788174420354,10,10
V2,cfg_007,5,5,2927.109822981875,2927.109822981875,4.75541747703619,1.2369660737363755,0.48026442201808095,0.0,1,1
V2,cfg_062,5,5,2842.0866008883454,2842.0866008883454,99.3526305877831,1.869791097848204,1.4494424759759568,0.0,2,2
V2,cfg_049,5,5,2795.548315859056,2795.548315859056,56.51063745922602,3.375185558914446,1.8974306980001074,0.0,3,3
V2,cfg_096,5,5,2622.4630208333333,2622.4630208333333,27.20208333333312,0.1696390252508821,0.07622150494717062,0.0,4,4
V2,cfg_001,5,5,1745.5033854166666,1745.5033854166666,17.1796875,0.30701097481669065,0.10012544097844511,0.0,5,5
V2,cfg_094,5,5,1002.2326363980833,1002.2326363980833,3.0285418394552153,1.146464867171444,0.390610603033565,0.0,6,6
V2,cfg_113,5,4,3009.2000978966516,3017.530098073743,87.79584588146918,4.084609577375834,1.7999211369999557,0.0,7,7
V2,cfg_107,5,4,3001.731171352517,3009.732383950518,151.66097304813684,3.9821912897930676,2.085843819018919,0.0,8,8
V2,cfg_061,5,3,2946.2820390607017,2974.539273679283,82.23920726002643,4.7676234436351645,2.574630040999864,0.0,9,9
V2,cfg_101,5,0,2868.2933817875532,,171.3138485110926,10.453546681976103,5.449662706989329,0.0,10,10
