block,order,stage,case_id,config_id,config_path,profile_id,anchor,latency_enabled,latency_sample_every,producer_ranks,consumer_ranks,partitions,payload_size_bytes,batching_max_messages,batching_max_bytes,batching_max_publish_delay_ms,max_pending_messages,max_pending_messages_across_partitions,receiver_queue_size,max_total_receiver_queue_size_across_partitions,design_note
1,1,phase1-screening,pulsar-cfg-087,cfg_087,configs/campaigns/pulsar/phase1/generated_configs/cfg_087.json,BASELINE_H16_D32,,true,10,56,16,120,1024,4000,4194304,10,2000,10000,2000,30000,seeded-mixed
1,2,phase1-screening,pulsar-cfg-037,cfg_037,configs/campaigns/pulsar/phase1/generated_configs/cfg_037.json,BASELINE_H16_D32,,true,10,40,40,120,4096,1000,1048576,20,1000,10000,1000,120000,one-factor:max_pending_messages_across_partitions=10000
1,3,phase1-screening,pulsar-cfg-040,cfg_040,configs/campaigns/pulsar/phase1/generated_configs/cfg_040.json,BASELINE_H16_D32,,true,10,40,40,120,4096,1000,1048576,20,1000,20000,500,120000,one-factor:receiver_queue_size=500
1,4,phase1-screening,pulsar-cfg-031,cfg_031,configs/campaigns/pulsar/phase1/generated_configs/cfg_031.json,BASELINE_H16_D32,,true,10,40,40,120,4096,1000,1048576,5,1000,20000,1000,120000,one-factor:batching_max_publish_delay_ms=5
1,5,phase1-screening,pulsar-cfg-059,cfg_059,configs/campaigns/pulsar/phase1/generated_configs/cfg_059.json,BASELINE_H16_D32,,true,10,32,32,180,1024,250,1048576,10,2000,20000,2000,60000,seeded-mixed
1,6,phase1-screening,pulsar-cfg-118,cfg_118,configs/campaigns/pulsar/phase1/generated_configs/cfg_118.json,BASELINE_H16_D32,,true,10,32,24,60,16384,250,2097152,20,2000,40000,250,240000,seeded-mixed
1,7,phase1-screening,pulsar-cfg-063,cfg_063,configs/campaigns/pulsar/phase1/generated_configs/cfg_063.json,BASELINE_H16_D32,,true,10,64,32,180,4096,1000,4194304,80,500,20000,2000,30000,seeded-mixed
1,8,phase1-screening,pulsar-cfg-057,cfg_057,configs/campaigns/pulsar/phase1/generated_configs/cfg_057.json,BASELINE_H16_D32,,true,10,64,32,60,4096,2000,524288,5,500,10000,2000,60000,seeded-mixed
1,9,phase1-screening,pulsar-cfg-109,cfg_109,configs/campaigns/pulsar/phase1/generated_configs/cfg_109.json,BASELINE_H16_D32,,true,10,24,40,180,8192,1000,262144,40,1000,40000,500,60000,seeded-mixed
1,10,phase1-screening,pulsar-cfg-036,cfg_036,configs/campaigns/pulsar/phase1/generated_configs/cfg_036.json,BASELINE_H16_D32,,true,10,40,40,120,4096,1000,1048576,20,2000,20000,1000,120000,one-factor:max_pending_messages=2000
1,11,phase1-screening,pulsar-cfg-026,cfg_026,configs/campaigns/pulsar/phase1/generated_configs/cfg_026.json,BASELINE_H16_D32,,true,10,40,40,120,4096,1000,262144,20,1000,20000,1000,120000,one-factor:batching_max_bytes=262144
1,12,phase1-screening,pulsar-cfg-090,cfg_090,configs/campaigns/pulsar/phase1/generated_configs/cfg_090.json,BASELINE_H16_D32,,true,10,24,64,240,4096,500,2097152,5,1000,20000,500,240000,seeded-mixed
1,13,phase1-screening,pulsar-cfg-094,cfg_094,configs/campaigns/pulsar/phase1/generated_configs/cfg_094.json,BASELINE_H16_D32,,true,10,56,48,60,1024,500,1048576,20,1000,10000,250,30000,seeded-mixed
1,14,phase1-screening,pulsar-cfg-085,cfg_085,configs/campaigns/pulsar/phase1/generated_configs/cfg_085.json,BASELINE_H16_D32,,true,10,48,64,90,8192,4000,1048576,5,2000,20000,500,240000,seeded-mixed
1,15,phase1-screening,pulsar-cfg-096,cfg_096,configs/campaigns/pulsar/phase1/generated_configs/cfg_096.json,BASELINE_H16_D32,,true,10,24,24,120,2048,4000,262144,40,500,40000,2000,30000,seeded-mixed
1,16,phase1-screening,pulsar-cfg-075,cfg_075,configs/campaigns/pulsar/phase1/generated_configs/cfg_075.json,BASELINE_H16_D32,,true,10,56,56,90,4096,1000,262144,20,1000,20000,2000,60000,seeded-mixed
1,17,phase1-screening,pulsar-cfg-054,cfg_054,configs/campaigns/pulsar/phase1/generated_configs/cfg_054.json,BASELINE_H16_D32,,true,10,32,32,180,4096,250,4194304,80,2000,40000,250,240000,seeded-mixed
1,18,phase1-screening,pulsar-cfg-022,cfg_022,configs/campaigns/pulsar/phase1/generated_configs/cfg_022.json,BASELINE_H16_D32,,true,10,40,40,120,4096,250,1048576,20,1000,20000,1000,120000,one-factor:batching_max_messages=250
1,19,phase1-screening,pulsar-cfg-067,cfg_067,configs/campaigns/pulsar/phase1/generated_configs/cfg_067.json,BASELINE_H16_D32,,true,10,16,24,180,1024,500,4194304,20,500,40000,2000,120000,seeded-mixed
1,20,phase1-screening,pulsar-cfg-046,cfg_046,configs/campaigns/pulsar/phase1/generated_configs/cfg_046.json,BASELINE_H16_D32,,true,10,32,32,120,4096,1000,1048576,20,1000,20000,1000,120000,rank-pair:32x32
1,21,phase1-screening,pulsar-cfg-101,cfg_101,configs/campaigns/pulsar/phase1/generated_configs/cfg_101.json,BASELINE_H16_D32,,true,10,64,24,240,1024,4000,2097152,20,2000,10000,250,240000,seeded-mixed
1,22,phase1-screening,pulsar-cfg-097,cfg_097,configs/campaigns/pulsar/phase1/generated_configs/cfg_097.json,BASELINE_H16_D32,,true,10,24,64,60,1024,4000,4194304,10,1000,40000,250,60000,seeded-mixed
1,23,phase1-screening,pulsar-cfg-108,cfg_108,configs/campaigns/pulsar/phase1/generated_configs/cfg_108.json,BASELINE_H16_D32,,true,10,16,24,180,2048,4000,524288,5,500,40000,500,60000,seeded-mixed
1,24,phase1-screening,pulsar-cfg-007,cfg_007,configs/campaigns/pulsar/phase1/generated_configs/cfg_007.json,BASELINE_H16_D32,,true,10,64,40,120,4096,1000,1048576,20,1000,20000,1000,120000,one-factor:producer_ranks=64
1,25,phase1-screening,pulsar-cfg-084,cfg_084,configs/campaigns/pulsar/phase1/generated_configs/cfg_084.json,BASELINE_H16_D32,,true,10,24,56,60,8192,2000,2097152,40,2000,20000,250,30000,seeded-mixed
1,26,phase1-screening,pulsar-cfg-033,cfg_033,configs/campaigns/pulsar/phase1/generated_configs/cfg_033.json,BASELINE_H16_D32,,true,10,40,40,120,4096,1000,1048576,40,1000,20000,1000,120000,one-factor:batching_max_publish_delay_ms=40
1,27,phase1-screening,pulsar-cfg-064,cfg_064,configs/campaigns/pulsar/phase1/generated_configs/cfg_064.json,BASELINE_H16_D32,,true,10,64,48,120,4096,1000,2097152,1,2000,40000,2000,60000,seeded-mixed
1,28,phase1-screening,pulsar-cfg-042,cfg_042,configs/campaigns/pulsar/phase1/generated_configs/cfg_042.json,BASELINE_H16_D32,,true,10,40,40,120,4096,1000,1048576,20,1000,20000,1000,30000,one-factor:max_total_receiver_queue_size_across_partitions=30000
1,29,phase1-screening,pulsar-cfg-034,cfg_034,configs/campaigns/pulsar/phase1/generated_configs/cfg_034.json,BASELINE_H16_D32,,true,10,40,40,120,4096,1000,1048576,80,1000,20000,1000,120000,one-factor:batching_max_publish_delay_ms=80
1,30,phase1-screening,pulsar-cfg-114,cfg_114,configs/campaigns/pulsar/phase1/generated_configs/cfg_114.json,BASELINE_H16_D32,,true,10,40,24,120,16384,500,2097152,40,500,10000,1000,30000,seeded-mixed
