config_id,config_path,topic_name,scenario,partitions,producer_ranks,consumer_ranks,batch_size,linger_ms,payload_size_bytes,producer_queue_messages,producer_queue_kbytes,consumer_fetch_min_bytes,consumer_fetch_wait_max_ms,consumer_fetch_message_max_bytes,warmup_sec,measurement_sec,drain_timeout_sec,latency_enabled,latency_sample_every,qualification_policy_id,measurement_contract_id,broker_profile_id,broker_profile_sha256,notes
cfg_091,configs/campaigns/kafka/v1_reproducible/phase1/generated_configs/cfg_091.json,kafka-v1r-screen-cfg-091,simultaneous,90,16,56,4194304,0,4096,2000000,2097152,1048576,100,8388608,15,30,60,true,10,qualification.application.v1,measurement.messaging.reproducible.v1,V1_FIXED_B0,0db75402321b5c96c5fc2def4fe5cf950325084c71b94766f8d5d954cd7e6963,seeded-mixed
cfg_092,configs/campaigns/kafka/v1_reproducible/phase1/generated_configs/cfg_092.json,kafka-v1r-screen-cfg-092,simultaneous,120,16,32,262144,10,2048,2000000,524288,262144,50,33554432,15,30,60,true,10,qualification.application.v1,measurement.messaging.reproducible.v1,V1_FIXED_B0,0db75402321b5c96c5fc2def4fe5cf950325084c71b94766f8d5d954cd7e6963,seeded-mixed
cfg_093,configs/campaigns/kafka/v1_reproducible/phase1/generated_configs/cfg_093.json,kafka-v1r-screen-cfg-093,simultaneous,90,48,56,524288,5,2048,1000000,524288,1048576,50,33554432,15,30,60,true,10,qualification.application.v1,measurement.messaging.reproducible.v1,V1_FIXED_B0,0db75402321b5c96c5fc2def4fe5cf950325084c71b94766f8d5d954cd7e6963,seeded-mixed
cfg_094,configs/campaigns/kafka/v1_reproducible/phase1/generated_configs/cfg_094.json,kafka-v1r-screen-cfg-094,simultaneous,90,64,56,1048576,5,1024,1000000,524288,4194304,25,8388608,15,30,60,true,10,qualification.application.v1,measurement.messaging.reproducible.v1,V1_FIXED_B0,0db75402321b5c96c5fc2def4fe5cf950325084c71b94766f8d5d954cd7e6963,seeded-mixed
cfg_095,configs/campaigns/kafka/v1_reproducible/phase1/generated_configs/cfg_095.json,kafka-v1r-screen-cfg-095,simultaneous,120,64,40,1048576,5,2048,500000,2097152,1048576,100,16777216,15,30,60,true,10,qualification.application.v1,measurement.messaging.reproducible.v1,V1_FIXED_B0,0db75402321b5c96c5fc2def4fe5cf950325084c71b94766f8d5d954cd7e6963,seeded-mixed
cfg_096,configs/campaigns/kafka/v1_reproducible/phase1/generated_configs/cfg_096.json,kafka-v1r-screen-cfg-096,simultaneous,60,32,64,1048576,10,16384,1000000,2097152,8388608,50,4194304,15,30,60,true,10,qualification.application.v1,measurement.messaging.reproducible.v1,V1_FIXED_B0,0db75402321b5c96c5fc2def4fe5cf950325084c71b94766f8d5d954cd7e6963,seeded-mixed
cfg_097,configs/campaigns/kafka/v1_reproducible/phase1/generated_configs/cfg_097.json,kafka-v1r-screen-cfg-097,simultaneous,90,16,32,4194304,10,1024,500000,2097152,4194304,50,16777216,15,30,60,true,10,qualification.application.v1,measurement.messaging.reproducible.v1,V1_FIXED_B0,0db75402321b5c96c5fc2def4fe5cf950325084c71b94766f8d5d954cd7e6963,seeded-mixed
cfg_098,configs/campaigns/kafka/v1_reproducible/phase1/generated_configs/cfg_098.json,kafka-v1r-screen-cfg-098,simultaneous,240,40,48,262144,20,16384,500000,1048576,262144,100,4194304,15,30,60,true,10,qualification.application.v1,measurement.messaging.reproducible.v1,V1_FIXED_B0,0db75402321b5c96c5fc2def4fe5cf950325084c71b94766f8d5d954cd7e6963,seeded-mixed
cfg_099,configs/campaigns/kafka/v1_reproducible/phase1/generated_configs/cfg_099.json,kafka-v1r-screen-cfg-099,simultaneous,240,48,64,524288,10,8192,500000,2097152,2097152,50,4194304,15,30,60,true,10,qualification.application.v1,measurement.messaging.reproducible.v1,V1_FIXED_B0,0db75402321b5c96c5fc2def4fe5cf950325084c71b94766f8d5d954cd7e6963,seeded-mixed
cfg_100,configs/campaigns/kafka/v1_reproducible/phase1/generated_configs/cfg_100.json,kafka-v1r-screen-cfg-100,simultaneous,240,56,32,1048576,80,8192,1000000,1048576,2097152,25,8388608,15,30,60,true,10,qualification.application.v1,measurement.messaging.reproducible.v1,V1_FIXED_B0,0db75402321b5c96c5fc2def4fe5cf950325084c71b94766f8d5d954cd7e6963,seeded-mixed
cfg_101,configs/campaigns/kafka/v1_reproducible/phase1/generated_configs/cfg_101.json,kafka-v1r-screen-cfg-101,simultaneous,180,40,56,524288,40,16384,1000000,1048576,8388608,10,16777216,15,30,60,true,10,qualification.application.v1,measurement.messaging.reproducible.v1,V1_FIXED_B0,0db75402321b5c96c5fc2def4fe5cf950325084c71b94766f8d5d954cd7e6963,seeded-mixed
cfg_102,configs/campaigns/kafka/v1_reproducible/phase1/generated_configs/cfg_102.json,kafka-v1r-screen-cfg-102,simultaneous,180,32,24,4194304,40,4096,1000000,1048576,4194304,25,33554432,15,30,60,true,10,qualification.application.v1,measurement.messaging.reproducible.v1,V1_FIXED_B0,0db75402321b5c96c5fc2def4fe5cf950325084c71b94766f8d5d954cd7e6963,seeded-mixed
cfg_103,configs/campaigns/kafka/v1_reproducible/phase1/generated_configs/cfg_103.json,kafka-v1r-screen-cfg-103,simultaneous,90,64,64,262144,10,16384,2000000,2097152,8388608,50,4194304,15,30,60,true,10,qualification.application.v1,measurement.messaging.reproducible.v1,V1_FIXED_B0,0db75402321b5c96c5fc2def4fe5cf950325084c71b94766f8d5d954cd7e6963,seeded-mixed
cfg_104,configs/campaigns/kafka/v1_reproducible/phase1/generated_configs/cfg_104.json,kafka-v1r-screen-cfg-104,simultaneous,90,64,64,1048576,5,2048,500000,524288,262144,25,33554432,15,30,60,true,10,qualification.application.v1,measurement.messaging.reproducible.v1,V1_FIXED_B0,0db75402321b5c96c5fc2def4fe5cf950325084c71b94766f8d5d954cd7e6963,seeded-mixed
cfg_105,configs/campaigns/kafka/v1_reproducible/phase1/generated_configs/cfg_105.json,kafka-v1r-screen-cfg-105,simultaneous,60,48,64,2097152,20,16384,500000,2097152,4194304,100,33554432,15,30,60,true,10,qualification.application.v1,measurement.messaging.reproducible.v1,V1_FIXED_B0,0db75402321b5c96c5fc2def4fe5cf950325084c71b94766f8d5d954cd7e6963,seeded-mixed
cfg_106,configs/campaigns/kafka/v1_reproducible/phase1/generated_configs/cfg_106.json,kafka-v1r-screen-cfg-106,simultaneous,60,24,24,262144,20,2048,500000,2097152,8388608,100,4194304,15,30,60,true,10,qualification.application.v1,measurement.messaging.reproducible.v1,V1_FIXED_B0,0db75402321b5c96c5fc2def4fe5cf950325084c71b94766f8d5d954cd7e6963,seeded-mixed
cfg_107,configs/campaigns/kafka/v1_reproducible/phase1/generated_configs/cfg_107.json,kafka-v1r-screen-cfg-107,simultaneous,60,48,24,2097152,5,8192,2000000,2097152,8388608,50,33554432,15,30,60,true,10,qualification.application.v1,measurement.messaging.reproducible.v1,V1_FIXED_B0,0db75402321b5c96c5fc2def4fe5cf950325084c71b94766f8d5d954cd7e6963,seeded-mixed
cfg_108,configs/campaigns/kafka/v1_reproducible/phase1/generated_configs/cfg_108.json,kafka-v1r-screen-cfg-108,simultaneous,240,48,64,2097152,40,8192,500000,2097152,4194304,100,16777216,15,30,60,true,10,qualification.application.v1,measurement.messaging.reproducible.v1,V1_FIXED_B0,0db75402321b5c96c5fc2def4fe5cf950325084c71b94766f8d5d954cd7e6963,seeded-mixed
cfg_109,configs/campaigns/kafka/v1_reproducible/phase1/generated_configs/cfg_109.json,kafka-v1r-screen-cfg-109,simultaneous,120,64,24,4194304,20,2048,1000000,1048576,262144,50,8388608,15,30,60,true,10,qualification.application.v1,measurement.messaging.reproducible.v1,V1_FIXED_B0,0db75402321b5c96c5fc2def4fe5cf950325084c71b94766f8d5d954cd7e6963,seeded-mixed
cfg_110,configs/campaigns/kafka/v1_reproducible/phase1/generated_configs/cfg_110.json,kafka-v1r-screen-cfg-110,simultaneous,120,32,32,4194304,0,2048,500000,524288,4194304,25,8388608,15,30,60,true,10,qualification.application.v1,measurement.messaging.reproducible.v1,V1_FIXED_B0,0db75402321b5c96c5fc2def4fe5cf950325084c71b94766f8d5d954cd7e6963,seeded-mixed
cfg_111,configs/campaigns/kafka/v1_reproducible/phase1/generated_configs/cfg_111.json,kafka-v1r-screen-cfg-111,simultaneous,180,16,40,1048576,40,8192,1000000,524288,1048576,100,33554432,15,30,60,true,10,qualification.application.v1,measurement.messaging.reproducible.v1,V1_FIXED_B0,0db75402321b5c96c5fc2def4fe5cf950325084c71b94766f8d5d954cd7e6963,seeded-mixed
cfg_112,configs/campaigns/kafka/v1_reproducible/phase1/generated_configs/cfg_112.json,kafka-v1r-screen-cfg-112,simultaneous,60,64,48,4194304,20,8192,500000,1048576,2097152,100,33554432,15,30,60,true,10,qualification.application.v1,measurement.messaging.reproducible.v1,V1_FIXED_B0,0db75402321b5c96c5fc2def4fe5cf950325084c71b94766f8d5d954cd7e6963,seeded-mixed
cfg_113,configs/campaigns/kafka/v1_reproducible/phase1/generated_configs/cfg_113.json,kafka-v1r-screen-cfg-113,simultaneous,240,48,56,4194304,5,8192,500000,1048576,4194304,100,4194304,15,30,60,true,10,qualification.application.v1,measurement.messaging.reproducible.v1,V1_FIXED_B0,0db75402321b5c96c5fc2def4fe5cf950325084c71b94766f8d5d954cd7e6963,seeded-mixed
cfg_114,configs/campaigns/kafka/v1_reproducible/phase1/generated_configs/cfg_114.json,kafka-v1r-screen-cfg-114,simultaneous,180,40,32,524288,20,2048,2000000,2097152,262144,100,4194304,15,30,60,true,10,qualification.application.v1,measurement.messaging.reproducible.v1,V1_FIXED_B0,0db75402321b5c96c5fc2def4fe5cf950325084c71b94766f8d5d954cd7e6963,seeded-mixed
cfg_115,configs/campaigns/kafka/v1_reproducible/phase1/generated_configs/cfg_115.json,kafka-v1r-screen-cfg-115,simultaneous,180,16,56,524288,20,2048,500000,1048576,4194304,50,8388608,15,30,60,true,10,qualification.application.v1,measurement.messaging.reproducible.v1,V1_FIXED_B0,0db75402321b5c96c5fc2def4fe5cf950325084c71b94766f8d5d954cd7e6963,seeded-mixed
cfg_116,configs/campaigns/kafka/v1_reproducible/phase1/generated_configs/cfg_116.json,kafka-v1r-screen-cfg-116,simultaneous,120,40,32,2097152,10,8192,1000000,524288,4194304,10,4194304,15,30,60,true,10,qualification.application.v1,measurement.messaging.reproducible.v1,V1_FIXED_B0,0db75402321b5c96c5fc2def4fe5cf950325084c71b94766f8d5d954cd7e6963,seeded-mixed
cfg_117,configs/campaigns/kafka/v1_reproducible/phase1/generated_configs/cfg_117.json,kafka-v1r-screen-cfg-117,simultaneous,60,32,24,262144,0,2048,500000,524288,8388608,25,8388608,15,30,60,true,10,qualification.application.v1,measurement.messaging.reproducible.v1,V1_FIXED_B0,0db75402321b5c96c5fc2def4fe5cf950325084c71b94766f8d5d954cd7e6963,seeded-mixed
cfg_118,configs/campaigns/kafka/v1_reproducible/phase1/generated_configs/cfg_118.json,kafka-v1r-screen-cfg-118,simultaneous,60,24,40,4194304,5,8192,2000000,1048576,2097152,25,4194304,15,30,60,true,10,qualification.application.v1,measurement.messaging.reproducible.v1,V1_FIXED_B0,0db75402321b5c96c5fc2def4fe5cf950325084c71b94766f8d5d954cd7e6963,seeded-mixed
cfg_119,configs/campaigns/kafka/v1_reproducible/phase1/generated_configs/cfg_119.json,kafka-v1r-screen-cfg-119,simultaneous,90,64,64,1048576,0,16384,500000,1048576,8388608,100,33554432,15,30,60,true,10,qualification.application.v1,measurement.messaging.reproducible.v1,V1_FIXED_B0,0db75402321b5c96c5fc2def4fe5cf950325084c71b94766f8d5d954cd7e6963,seeded-mixed
cfg_120,configs/campaigns/kafka/v1_reproducible/phase1/generated_configs/cfg_120.json,kafka-v1r-screen-cfg-120,simultaneous,60,56,24,4194304,80,2048,500000,2097152,2097152,10,4194304,15,30,60,true,10,qualification.application.v1,measurement.messaging.reproducible.v1,V1_FIXED_B0,0db75402321b5c96c5fc2def4fe5cf950325084c71b94766f8d5d954cd7e6963,seeded-mixed
