config_id,total_repeats,eligible_repeats,qualified_repeats,median_balanced_mibps,median_balanced_records_per_sec,median_p99_latency_ms,median_p50_latency_ms,median_p95_latency_ms,median_p999_latency_ms,median_mean_latency_ms,median_max_latency_ms,median_latency_sample_count,maximum_clock_uncertainty_us,maximum_clock_drift_us,throughput_iqr_mibps,median_backlog_percent,median_flush_sec,median_failed_send_percent,median_broker_cpu_allocated_percent,median_kafka_jmx_ingress_mibps,median_kafka_jmx_egress_mibps,median_jvm_heap_used_gb,median_kafka_to_iperf_capacity_ratio,maximum_tmpfs_used_percent,rank
cfg_007,5,5,5,2927.109822981875,749340.11468336,2560.0,289.0,1520.0,4080.0,476.4990043430477,7281.011714,2282861.0,4.244,84.89,4.75541747703619,1.2369660737363755,0.48026442201808095,0.0,4.2149513333333335,2959.3521902105335,2945.719326134769,2.7951916829333334,2.475730241036937,52.961364,1
cfg_062,5,5,5,2842.0866008883454,727574.1698274164,6510.0,240.0,3300.0,10500.0,680.0408879718336,15690.790375,2288186.0,6.635,26.709,99.3526305877831,1.869791097848204,1.4494424759759568,0.0,4.2210709,2939.410856940639,2954.081526795354,2.7009127976,2.4511775022469346,53.001111,2
cfg_049,5,5,5,2795.548315859056,715660.3688599183,6340.0,367.0,3530.0,10300.0,877.825420082628,19899.965123,2282777.0,4.858,25.848,56.51063745922602,3.375185558914446,1.8974306980001074,0.0,4.227546866666667,2910.955035140079,2987.006443670184,2.6929311629333332,2.5080370494023083,52.773348,3
cfg_096,5,5,5,2622.4630208333333,167837.63333333333,270.0,105.0,178.0,478.0,108.50656730243118,1064.15468,505050.0,3.574,22.383,27.20208333333312,0.1696390252508821,0.07622150494717062,0.0,4.3884172,2619.4688964908905,2612.2381504453856,2.6702297728,2.1840010084524706,47.098048,4
cfg_001,5,5,5,1745.5033854166666,446848.86666666664,224.0,102.0,170.0,311.0,108.4240146533979,671.274636,1345549.0,3.471,13.006,17.1796875,0.30701097481669065,0.10012544097844511,0.0,5.1433181,1797.3711114130367,1772.1918912850933,2.780820107733333,1.4770022525226918,32.085918,5
cfg_094,5,5,5,1002.2326363980833,1026286.2196716373,756.0,361.0,678.0,838.0,364.9104870839353,1020.324583,3118950.0,3.939,66.588,3.0285418394552153,1.146464867171444,0.390610603033565,0.0,5.172814366666667,1034.4944199624986,1037.3076219465406,2.7270485648,0.8683809479994851,19.33172,6
cfg_113,5,5,4,3009.2000978966516,385177.6125307714,6760.0,708.0,3920.0,11000.0,1201.316782796235,20623.374674,1222870.0,3.884,84.352,87.79584588146918,4.084609577375834,1.7999211369999557,0.0,3.7451852068965517,3081.508659951315,3060.1293459918625,2.6779956477333333,2.5160942309676435,55.039251,7
cfg_107,5,5,4,3001.731171352517,384221.58993312216,7620.0,413.0,4690.0,11500.0,1173.5904637017613,15921.573667,1235387.0,4.389,124.035,151.66097304813684,3.9821912897930676,2.085843819018919,0.0,3.6392403,3163.8553125950425,3180.446568479418,2.741235469333333,2.679180699356337,56.122873,8
cfg_061,5,5,3,2946.2820390607017,377124.1009997698,7950.0,491.0,5030.0,11000.0,1306.3396450961284,15927.355651,1229077.0,6.077,12.985,82.23920726002643,4.7676234436351645,2.574630040999864,0.0,3.8791097666666667,3085.123500717066,3074.7492352989366,2.804675473866667,2.517266385466678,56.458188,9
cfg_101,5,5,0,2868.2933817875532,183570.7764344034,11400.0,1640.0,7840.0,15800.0,2542.5477189680137,23150.72225,650078.0,3.892,23.663,171.3138485110926,10.453546681976103,5.449662706989329,0.0,3.798187833333333,3138.8302418380404,3131.9615084703587,2.6310042373333333,2.5981405607709283,56.222,10
