block,order,stage,case_id,config_id,config_path,profile_id,profile_sha256,anchor,anchor_purpose,heap_gib,direct_memory_gib,producer_ranks,consumer_ranks,partitions,payload_size_bytes,warmup_sec,duration_sec,drain_timeout_sec,latency_sample_every,design_note
2,1,phase2-memory-confirmation,pulsar-p2c-b02-cfg101-h16-d32,cfg_101,configs/campaigns/pulsar/phase2/confirmation/generated_configs/pulsar-p2c-b02-cfg101-h16-d32.json,BASELINE_H16_D32,7b85a5388524a2e598f181330a4c2e585823d9bc40dab66e11603ee484d6068c,cfg_101,qualified record-rate leader,16,32,64,24,240,1024,15,30,60,10,repeated memory-profile confirmation
2,2,phase2-memory-confirmation,pulsar-p2c-b02-cfg101-h32-d48,cfg_101,configs/campaigns/pulsar/phase2/confirmation/generated_configs/pulsar-p2c-b02-cfg101-h32-d48.json,PHASE2_HEAP32_DIRECT48,09fac56a3d36e12418625aaaaa774f0c5265c51a7361a8fc33f924733ef92724,cfg_101,qualified record-rate leader,32,48,64,24,240,1024,15,30,60,10,repeated memory-profile confirmation
2,3,phase2-memory-confirmation,pulsar-p2c-b02-cfg093-h16-d48,cfg_093,configs/campaigns/pulsar/phase2/confirmation/generated_configs/pulsar-p2c-b02-cfg093-h16-d48.json,PHASE2_HEAP16_DIRECT48,4b23cb85d8e3d95a8864f8e53a3af4be9c1b5c75a063a8c1f4abb2aa950381e1,cfg_093,qualified p99-latency leader,16,48,40,64,180,2048,15,30,60,10,repeated memory-profile confirmation
2,4,phase2-memory-confirmation,pulsar-p2c-b02-cfg120-h16-d48,cfg_120,configs/campaigns/pulsar/phase2/confirmation/generated_configs/pulsar-p2c-b02-cfg120-h16-d48.json,PHASE2_HEAP16_DIRECT48,4b23cb85d8e3d95a8864f8e53a3af4be9c1b5c75a063a8c1f4abb2aa950381e1,cfg_120,qualified byte-throughput leader,16,48,40,16,120,8192,15,30,60,10,repeated memory-profile confirmation
2,5,phase2-memory-confirmation,pulsar-p2c-b02-cfg089-h16-d48,cfg_089,configs/campaigns/pulsar/phase2/confirmation/generated_configs/pulsar-p2c-b02-cfg089-h16-d48.json,PHASE2_HEAP16_DIRECT48,4b23cb85d8e3d95a8864f8e53a3af4be9c1b5c75a063a8c1f4abb2aa950381e1,cfg_089,qualification-boundary reference,16,48,64,16,90,8192,15,30,60,10,repeated memory-profile confirmation
2,6,phase2-memory-confirmation,pulsar-p2c-b02-cfg120-h32-d48,cfg_120,configs/campaigns/pulsar/phase2/confirmation/generated_configs/pulsar-p2c-b02-cfg120-h32-d48.json,PHASE2_HEAP32_DIRECT48,09fac56a3d36e12418625aaaaa774f0c5265c51a7361a8fc33f924733ef92724,cfg_120,qualified byte-throughput leader,32,48,40,16,120,8192,15,30,60,10,repeated memory-profile confirmation
2,7,phase2-memory-confirmation,pulsar-p2c-b02-cfg001-h32-d48,cfg_001,configs/campaigns/pulsar/phase2/confirmation/generated_configs/pulsar-p2c-b02-cfg001-h32-d48.json,PHASE2_HEAP32_DIRECT48,09fac56a3d36e12418625aaaaa774f0c5265c51a7361a8fc33f924733ef92724,cfg_001,manifest baseline,32,48,40,40,120,4096,15,30,60,10,repeated memory-profile confirmation
2,8,phase2-memory-confirmation,pulsar-p2c-b02-cfg089-h16-d32,cfg_089,configs/campaigns/pulsar/phase2/confirmation/generated_configs/pulsar-p2c-b02-cfg089-h16-d32.json,BASELINE_H16_D32,7b85a5388524a2e598f181330a4c2e585823d9bc40dab66e11603ee484d6068c,cfg_089,qualification-boundary reference,16,32,64,16,90,8192,15,30,60,10,repeated memory-profile confirmation
2,9,phase2-memory-confirmation,pulsar-p2c-b02-cfg001-h16-d48,cfg_001,configs/campaigns/pulsar/phase2/confirmation/generated_configs/pulsar-p2c-b02-cfg001-h16-d48.json,PHASE2_HEAP16_DIRECT48,4b23cb85d8e3d95a8864f8e53a3af4be9c1b5c75a063a8c1f4abb2aa950381e1,cfg_001,manifest baseline,16,48,40,40,120,4096,15,30,60,10,repeated memory-profile confirmation
2,10,phase2-memory-confirmation,pulsar-p2c-b02-cfg120-h16-d32,cfg_120,configs/campaigns/pulsar/phase2/confirmation/generated_configs/pulsar-p2c-b02-cfg120-h16-d32.json,BASELINE_H16_D32,7b85a5388524a2e598f181330a4c2e585823d9bc40dab66e11603ee484d6068c,cfg_120,qualified byte-throughput leader,16,32,40,16,120,8192,15,30,60,10,repeated memory-profile confirmation
2,11,phase2-memory-confirmation,pulsar-p2c-b02-cfg093-h32-d48,cfg_093,configs/campaigns/pulsar/phase2/confirmation/generated_configs/pulsar-p2c-b02-cfg093-h32-d48.json,PHASE2_HEAP32_DIRECT48,09fac56a3d36e12418625aaaaa774f0c5265c51a7361a8fc33f924733ef92724,cfg_093,qualified p99-latency leader,32,48,40,64,180,2048,15,30,60,10,repeated memory-profile confirmation
2,12,phase2-memory-confirmation,pulsar-p2c-b02-cfg101-h16-d48,cfg_101,configs/campaigns/pulsar/phase2/confirmation/generated_configs/pulsar-p2c-b02-cfg101-h16-d48.json,PHASE2_HEAP16_DIRECT48,4b23cb85d8e3d95a8864f8e53a3af4be9c1b5c75a063a8c1f4abb2aa950381e1,cfg_101,qualified record-rate leader,16,48,64,24,240,1024,15,30,60,10,repeated memory-profile confirmation
2,13,phase2-memory-confirmation,pulsar-p2c-b02-cfg089-h32-d48,cfg_089,configs/campaigns/pulsar/phase2/confirmation/generated_configs/pulsar-p2c-b02-cfg089-h32-d48.json,PHASE2_HEAP32_DIRECT48,09fac56a3d36e12418625aaaaa774f0c5265c51a7361a8fc33f924733ef92724,cfg_089,qualification-boundary reference,32,48,64,16,90,8192,15,30,60,10,repeated memory-profile confirmation
2,14,phase2-memory-confirmation,pulsar-p2c-b02-cfg001-h16-d32,cfg_001,configs/campaigns/pulsar/phase2/confirmation/generated_configs/pulsar-p2c-b02-cfg001-h16-d32.json,BASELINE_H16_D32,7b85a5388524a2e598f181330a4c2e585823d9bc40dab66e11603ee484d6068c,cfg_001,manifest baseline,16,32,40,40,120,4096,15,30,60,10,repeated memory-profile confirmation
2,15,phase2-memory-confirmation,pulsar-p2c-b02-cfg093-h16-d32,cfg_093,configs/campaigns/pulsar/phase2/confirmation/generated_configs/pulsar-p2c-b02-cfg093-h16-d32.json,BASELINE_H16_D32,7b85a5388524a2e598f181330a4c2e585823d9bc40dab66e11603ee484d6068c,cfg_093,qualified p99-latency leader,16,32,40,64,180,2048,15,30,60,10,repeated memory-profile confirmation
3,1,phase2-memory-confirmation,pulsar-p2c-b03-cfg101-h16-d32,cfg_101,configs/campaigns/pulsar/phase2/confirmation/generated_configs/pulsar-p2c-b03-cfg101-h16-d32.json,BASELINE_H16_D32,7b85a5388524a2e598f181330a4c2e585823d9bc40dab66e11603ee484d6068c,cfg_101,qualified record-rate leader,16,32,64,24,240,1024,15,30,60,10,repeated memory-profile confirmation
3,2,phase2-memory-confirmation,pulsar-p2c-b03-cfg093-h16-d32,cfg_093,configs/campaigns/pulsar/phase2/confirmation/generated_configs/pulsar-p2c-b03-cfg093-h16-d32.json,BASELINE_H16_D32,7b85a5388524a2e598f181330a4c2e585823d9bc40dab66e11603ee484d6068c,cfg_093,qualified p99-latency leader,16,32,40,64,180,2048,15,30,60,10,repeated memory-profile confirmation
3,3,phase2-memory-confirmation,pulsar-p2c-b03-cfg120-h16-d48,cfg_120,configs/campaigns/pulsar/phase2/confirmation/generated_configs/pulsar-p2c-b03-cfg120-h16-d48.json,PHASE2_HEAP16_DIRECT48,4b23cb85d8e3d95a8864f8e53a3af4be9c1b5c75a063a8c1f4abb2aa950381e1,cfg_120,qualified byte-throughput leader,16,48,40,16,120,8192,15,30,60,10,repeated memory-profile confirmation
3,4,phase2-memory-confirmation,pulsar-p2c-b03-cfg093-h32-d48,cfg_093,configs/campaigns/pulsar/phase2/confirmation/generated_configs/pulsar-p2c-b03-cfg093-h32-d48.json,PHASE2_HEAP32_DIRECT48,09fac56a3d36e12418625aaaaa774f0c5265c51a7361a8fc33f924733ef92724,cfg_093,qualified p99-latency leader,32,48,40,64,180,2048,15,30,60,10,repeated memory-profile confirmation
3,5,phase2-memory-confirmation,pulsar-p2c-b03-cfg089-h16-d32,cfg_089,configs/campaigns/pulsar/phase2/confirmation/generated_configs/pulsar-p2c-b03-cfg089-h16-d32.json,BASELINE_H16_D32,7b85a5388524a2e598f181330a4c2e585823d9bc40dab66e11603ee484d6068c,cfg_089,qualification-boundary reference,16,32,64,16,90,8192,15,30,60,10,repeated memory-profile confirmation
3,6,phase2-memory-confirmation,pulsar-p2c-b03-cfg001-h16-d32,cfg_001,configs/campaigns/pulsar/phase2/confirmation/generated_configs/pulsar-p2c-b03-cfg001-h16-d32.json,BASELINE_H16_D32,7b85a5388524a2e598f181330a4c2e585823d9bc40dab66e11603ee484d6068c,cfg_001,manifest baseline,16,32,40,40,120,4096,15,30,60,10,repeated memory-profile confirmation
3,7,phase2-memory-confirmation,pulsar-p2c-b03-cfg101-h32-d48,cfg_101,configs/campaigns/pulsar/phase2/confirmation/generated_configs/pulsar-p2c-b03-cfg101-h32-d48.json,PHASE2_HEAP32_DIRECT48,09fac56a3d36e12418625aaaaa774f0c5265c51a7361a8fc33f924733ef92724,cfg_101,qualified record-rate leader,32,48,64,24,240,1024,15,30,60,10,repeated memory-profile confirmation
3,8,phase2-memory-confirmation,pulsar-p2c-b03-cfg001-h16-d48,cfg_001,configs/campaigns/pulsar/phase2/confirmation/generated_configs/pulsar-p2c-b03-cfg001-h16-d48.json,PHASE2_HEAP16_DIRECT48,4b23cb85d8e3d95a8864f8e53a3af4be9c1b5c75a063a8c1f4abb2aa950381e1,cfg_001,manifest baseline,16,48,40,40,120,4096,15,30,60,10,repeated memory-profile confirmation
3,9,phase2-memory-confirmation,pulsar-p2c-b03-cfg089-h16-d48,cfg_089,configs/campaigns/pulsar/phase2/confirmation/generated_configs/pulsar-p2c-b03-cfg089-h16-d48.json,PHASE2_HEAP16_DIRECT48,4b23cb85d8e3d95a8864f8e53a3af4be9c1b5c75a063a8c1f4abb2aa950381e1,cfg_089,qualification-boundary reference,16,48,64,16,90,8192,15,30,60,10,repeated memory-profile confirmation
3,10,phase2-memory-confirmation,pulsar-p2c-b03-cfg120-h16-d32,cfg_120,configs/campaigns/pulsar/phase2/confirmation/generated_configs/pulsar-p2c-b03-cfg120-h16-d32.json,BASELINE_H16_D32,7b85a5388524a2e598f181330a4c2e585823d9bc40dab66e11603ee484d6068c,cfg_120,qualified byte-throughput leader,16,32,40,16,120,8192,15,30,60,10,repeated memory-profile confirmation
3,11,phase2-memory-confirmation,pulsar-p2c-b03-cfg089-h32-d48,cfg_089,configs/campaigns/pulsar/phase2/confirmation/generated_configs/pulsar-p2c-b03-cfg089-h32-d48.json,PHASE2_HEAP32_DIRECT48,09fac56a3d36e12418625aaaaa774f0c5265c51a7361a8fc33f924733ef92724,cfg_089,qualification-boundary reference,32,48,64,16,90,8192,15,30,60,10,repeated memory-profile confirmation
3,12,phase2-memory-confirmation,pulsar-p2c-b03-cfg001-h32-d48,cfg_001,configs/campaigns/pulsar/phase2/confirmation/generated_configs/pulsar-p2c-b03-cfg001-h32-d48.json,PHASE2_HEAP32_DIRECT48,09fac56a3d36e12418625aaaaa774f0c5265c51a7361a8fc33f924733ef92724,cfg_001,manifest baseline,32,48,40,40,120,4096,15,30,60,10,repeated memory-profile confirmation
3,13,phase2-memory-confirmation,pulsar-p2c-b03-cfg093-h16-d48,cfg_093,configs/campaigns/pulsar/phase2/confirmation/generated_configs/pulsar-p2c-b03-cfg093-h16-d48.json,PHASE2_HEAP16_DIRECT48,4b23cb85d8e3d95a8864f8e53a3af4be9c1b5c75a063a8c1f4abb2aa950381e1,cfg_093,qualified p99-latency leader,16,48,40,64,180,2048,15,30,60,10,repeated memory-profile confirmation
3,14,phase2-memory-confirmation,pulsar-p2c-b03-cfg120-h32-d48,cfg_120,configs/campaigns/pulsar/phase2/confirmation/generated_configs/pulsar-p2c-b03-cfg120-h32-d48.json,PHASE2_HEAP32_DIRECT48,09fac56a3d36e12418625aaaaa774f0c5265c51a7361a8fc33f924733ef92724,cfg_120,qualified byte-throughput leader,32,48,40,16,120,8192,15,30,60,10,repeated memory-profile confirmation
3,15,phase2-memory-confirmation,pulsar-p2c-b03-cfg101-h16-d48,cfg_101,configs/campaigns/pulsar/phase2/confirmation/generated_configs/pulsar-p2c-b03-cfg101-h16-d48.json,PHASE2_HEAP16_DIRECT48,4b23cb85d8e3d95a8864f8e53a3af4be9c1b5c75a063a8c1f4abb2aa950381e1,cfg_101,qualified record-rate leader,16,48,64,24,240,1024,15,30,60,10,repeated memory-profile confirmation
