case_id,stage,anchor_id,anchor_role,block,order,broker_profile_id,broker_profile_sha256,qualification_policy_id,measurement_contract_id,measurement_contract_valid,producer_ranks,consumer_ranks,partitions,payload_size_bytes,batch_size_bytes,linger_ms,producer_queue_messages,producer_queue_kib,consumer_fetch_min_bytes,consumer_fetch_wait_ms,consumer_fetch_max_bytes,warmup_sec,measurement_sec,drain_timeout_sec,latency_enabled,latency_sample_every,target_records_per_sec,completed,profile_valid,profile_reason,latency_valid,correctness_valid,resources_valid,eligible,eligibility_reason,qualified,producer_mibps,consumer_mibps,balanced_mibps,producer_records_per_sec,consumer_records_per_sec,balanced_records_per_sec,pending_backlog_percent,backlog_denominator,backlog_denominator_value,flush_sec,failed_send_count,failed_send_percent,latency_p50_ms,latency_p95_ms,latency_p99_ms,latency_p999_ms,latency_mean_ms,latency_max_ms,latency_sample_count,latency_delivered_sample_count,latency_overflow_count,latency_negative_count,clock_uncertainty_us_max,clock_drift_us_max,missing_after_drain_records,unexplained_surplus_records,invalid_envelope_count,duplicate_offset_count,out_of_order_offset_count,flush_remaining_messages,unresolved_request_queue,missing_required_jmx_metrics,producer_to_broker_iperf_MBps,broker_to_consumer_iperf_MBps,kafka_ingress_to_iperf_capacity_ratio,kafka_egress_to_iperf_capacity_ratio,kafka_to_iperf_capacity_ratio,report_path,sample_count,cpu_allocated_percent_mean,cpu_allocated_percent_p95,rss_gib_mean,rss_gib_p95,ib0_rx_mibps_mean,ib0_rx_mibps_p95,ib0_tx_mibps_mean,ib0_tx_mibps_p95,tmpfs_used_percent_max,kafka_jmx_bytes_in_counter_rate_mean,kafka_jmx_bytes_out_counter_rate_mean,kafka_request_queue_size_mean,kafka_response_queue_size_mean,kafka_request_handler_idle_ratio_mean,kafka_request_queue_time_p99_ms_mean,kafka_local_time_p99_ms_mean,kafka_response_queue_time_p99_ms_mean,kafka_total_time_p99_ms_mean,jvm_heap_used_gb_mean,jvm_gc_collection_rate_mean,jvm_gc_time_rate_ms_per_sec_mean,kafka_jmx_bytes_in_counter_rate_p95,kafka_jmx_bytes_out_counter_rate_p95,kafka_request_queue_size_p95,kafka_response_queue_size_p95,kafka_request_handler_idle_ratio_p95,kafka_request_queue_time_p99_ms_p95,kafka_local_time_p99_ms_p95,kafka_response_queue_time_p99_ms_p95,kafka_total_time_p99_ms_p95,jvm_heap_used_gb_p95,jvm_gc_collection_rate_p95,jvm_gc_time_rate_ms_per_sec_p95,kafka_jmx_bytes_in_counter_rate_last,kafka_jmx_bytes_out_counter_rate_last,kafka_request_queue_size_last,kafka_response_queue_size_last,kafka_request_handler_idle_ratio_last,kafka_request_queue_time_p99_ms_last,kafka_local_time_p99_ms_last,kafka_response_queue_time_p99_ms_last,kafka_total_time_p99_ms_last,jvm_heap_used_gb_last,jvm_gc_collection_rate_last,jvm_gc_time_rate_ms_per_sec_last
screen_b01_o01_cfg_107_B5,profile_screening,cfg_107,qualified_sustainable_leader,1,1,B5,9ca443bdd30445529ed238228772de19b3f8ac80cde6c00ad8f479f75130c4cc,qualification.application.v1,measurement.messaging.reproducible.v1,True,48,24,60,8192,2097152,5,2000000,2097152,8388608,50,33554432,15,30,60,True,10,,True,True,valid,True,True,True,True,eligible,True,2994.747026605199,2991.5354166666666,2991.5354166666666,383327.6194054655,382916.5333333333,382916.5333333333,0.18957062241009517,messages_attempted,11525520,0.06696480099344626,0,0.0,98.2,142.0,163.0,193.0,99.15530315238297,260.667831,1152550,1152550,0,0,3.552,11.421,0,0,0,0,0,0,False,,1078.4281307674162,1292.5762583678995,2.9493603221626237,2.4103772346662162,2.9493603221626237,/mnt/vast-nhr/projects/nhr_ni_starter_27971/messaging-benchmark-29ffcb4/results/workflows/kafka/kafka_reproducible_standard96s_20260814T163308Z/selected-results/v2/screen_b01_o01_cfg_107_B5/final_report.json,30,8.327074900000001,8.730294,41.35572814941406,41.41213607788086,3084.7403055748673,3110.794914413216,3086.6271714499508,3115.046358401245,53.80012,3180673139.1894226,3115596387.240022,0.0,0.0,0.9626060347587396,0.20291756272401396,0.943505376344086,0.2707311827956989,4.698759856630826,20.799967497333334,0.2022975824182792,4.750542057615517,4615568424.206575,4550238898.938178,0.0,0.0,0.963814540385145,2.0,7.0,2.0,32.0,38.3931588,0.5517241379310345,14.448275862068964,4718448708.307577,4653591624.880093,0.0,0.0,0.963814540385145,0.0,0.0,0.0,0.0,29.265449928,0.13793103448275862,1.4827586206896564
screen_b01_o02_cfg_107_B2,profile_screening,cfg_107,qualified_sustainable_leader,1,2,B2,129e338f81b5bee42207894cfeba5a8e3678b1a72eb0fae3bfe4584ad96b9287,qualification.application.v1,measurement.messaging.reproducible.v1,True,48,24,60,8192,2097152,5,2000000,2097152,8388608,50,33554432,15,30,60,True,10,,True,True,valid,True,True,True,True,eligible,True,2986.3221603864367,2983.16015625,2983.16015625,382249.2365294639,381844.5,381844.5,0.19994743582616448,messages_attempted,11494521,0.07067749195266515,0,0.0,98.4,151.0,179.0,215.0,100.68467211634153,273.285232,1149452,1149452,0,0,3.006,13.409,0,0,0,0,0,0,False,,1078.4281307674162,1292.5762583678995,2.988911171711651,2.4415172483788727,2.988911171711651,/mnt/vast-nhr/projects/nhr_ni_starter_27971/messaging-benchmark-29ffcb4/results/workflows/kafka/kafka_reproducible_standard96s_20260814T163308Z/selected-results/v2/screen_b01_o02_cfg_107_B2/final_report.json,30,7.930934866666666,8.15828,21.021884409586587,21.033485412597656,3076.165724757485,3097.495536236016,3077.731482398075,3101.840428416339,53.168532,3223325887.9388437,3155847229.650253,0.0,0.0,0.9487875892971277,0.12442293906809991,0.8925197132616488,0.13401075268817203,4.864498207885309,9.788180773333332,0.25114853364560613,4.975853647904543,4645022415.105086,4577855374.240108,0.0,0.0,0.9503787848306153,1.0,7.0,1.0,35.0,19.193264592,0.6896551724137931,16.448275862068968,4748672105.035044,4681489131.2994175,0.0,0.0,0.9495854201912938,0.0,0.0,0.0,0.0,8.239777616,0.3103448275862069,2.6896551724137914
screen_b01_o03_cfg_107_B0,profile_screening,cfg_107,qualified_sustainable_leader,1,3,B0,d082de4f4d19f320ebcd87ccbeccf71121251cce04eeae0bc2e939b92dacee3d,qualification.application.v1,measurement.messaging.reproducible.v1,True,48,24,60,8192,2097152,5,2000000,2097152,8388608,50,33554432,15,30,60,True,10,,True,True,valid,True,True,True,True,eligible,True,2991.5853925493134,3115.7174479166665,2991.5853925493134,382922.9302463121,398811.8333333333,382922.9302463121,2.883014438291524,messages_attempted,12338856,2.2227096160058863,0,0.0,355.0,3730.0,6700.0,11400.0,911.7509151862871,18815.04621,1233881,1233881,0,0,2.971,19.436,0,0,0,0,0,0,False,,1078.4281307674162,1292.5762583678995,3.079143783871954,2.677796769842567,3.079143783871954,/mnt/vast-nhr/projects/nhr_ni_starter_27971/messaging-benchmark-29ffcb4/results/workflows/kafka/kafka_reproducible_standard96s_20260814T163308Z/selected-results/v2/screen_b01_o03_cfg_107_B0/final_report.json,30,3.6719523666666665,3.8549,5.749524180094401,5.7626800537109375,3267.7993713954706,3335.2206360843716,3266.9107114327403,3327.187143588229,55.643963,3320635275.20514,3461256529.432752,0.0,0.0,0.9425480065842843,0.6818602150537636,0.8957491039426523,1.1751254480286741,37.102311827956996,2.7809564144000003,0.3936781609195402,3.485057471264368,4850862933.413321,4991865088.044058,0.0,0.0,0.9465664449257944,7.0,7.0,9.710000000000036,35.0,5.262673536,0.896551724137931,8.482758620689657,4962971689.4178705,5103065240.642815,0.0,0.0,0.9398190904300308,0.0,0.0,0.0,0.0,3.934371832,0.7586206896551724,5.241379310344828
screen_b01_o04_cfg_107_B4,profile_screening,cfg_107,qualified_sustainable_leader,1,4,B4,2451b1c29cb1ca5487bf4a49262288b03958d0f72fe53c5400390816bcbaec5e,qualification.application.v1,measurement.messaging.reproducible.v1,True,48,24,60,8192,2097152,5,2000000,2097152,8388608,50,33554432,15,30,60,True,10,,True,True,valid,True,True,True,True,eligible,True,2993.602563802851,2991.5578125,2991.5578125,383181.1281667649,382919.4,382919.4,0.1987993259928058,messages_attempted,11525693,0.0788760639843531,0,0.0,99.1,145.0,167.0,198.0,100.10454276570259,265.763931,1152565,1152565,0,0,3.574,12.774,0,0,0,0,0,0,False,,1078.4281307674162,1292.5762583678995,2.9291764232524353,2.4450173983137375,2.9291764232524353,/mnt/vast-nhr/projects/nhr_ni_starter_27971/messaging-benchmark-29ffcb4/results/workflows/kafka/kafka_reproducible_standard96s_20260814T163308Z/selected-results/v2/screen_b01_o04_cfg_107_B4/final_report.json,30,8.261092433333333,8.490878,41.324751663208005,41.376949310302734,3083.2429269181116,3103.4640145126887,3085.1911864720823,3109.1500146665476,54.097794,3158906254.8161097,3160371440.3567867,0.0,0.0,0.9576029401046164,0.2585304659498204,0.9400645161290322,0.17448387096774207,4.681035842293908,20.4040262792,0.1965522592705785,4.767826675688607,4591193946.580869,4590611430.910366,0.0,0.0,0.9597160808268584,2.0,8.0,2.0,34.0,37.789821552,0.5517241379310345,14.620689655172415,4696682322.723579,4696981243.188396,0.0,0.0,0.9611274127301643,0.0,0.0,0.0,0.0,28.294282208,0.13793103448275862,1.4827586206896564
screen_b01_o05_cfg_107_B3,profile_screening,cfg_107,qualified_sustainable_leader,1,5,B3,4ea62ce23e0e376b955c86c3483ff36171163650a32804c34ce36656bb430f35,qualification.application.v1,measurement.messaging.reproducible.v1,True,48,24,60,8192,2097152,5,2000000,2097152,8388608,50,33554432,15,30,60,True,10,,True,True,valid,True,True,True,True,eligible,True,2994.983778888041,2992.61171875,2992.61171875,383357.92369766923,383054.3,383054.3,0.20504990128672435,messages_attempted,11530364,0.07719047099817544,0,0.0,99.3,145.0,168.0,199.0,100.36205154994767,272.276108,1153037,1153037,0,0,2.957,12.691,0,0,0,0,0,0,False,,1078.4281307674162,1292.5762583678995,2.989854564414441,2.450371419137633,2.989854564414441,/mnt/vast-nhr/projects/nhr_ni_starter_27971/messaging-benchmark-29ffcb4/results/workflows/kafka/kafka_reproducible_standard96s_20260814T163308Z/selected-results/v2/screen_b01_o05_cfg_107_B3/final_report.json,30,8.551325100000001,9.425168,21.094658025105794,21.10710906982422,3083.927653967786,3107.615394961955,3086.5011853732335,3108.2242854868277,53.364323,3224343269.167893,3167291920.5605617,0.0,0.0,0.9605742577535862,0.22193548387096748,0.9162437275985669,0.13763440860215054,4.69630107526882,10.392153895466667,0.24942340500151577,4.722370003586381,4650057512.308277,4593613910.406084,0.0,0.0,0.9626054401777375,2.0,6.0,2.0,32.0,19.882398352,0.6896551724137931,15.172413793103448,4756599950.237146,4699970869.397764,0.0,0.0,0.9615801198959797,0.0,0.0,0.0,0.0,11.900095456,0.3103448275862069,2.7931034482758608
screen_b01_o06_cfg_107_B1,profile_screening,cfg_107,qualified_sustainable_leader,1,6,B1,aa578e7a127f69f847c6521bb897f1a84aeabb89d08312e10ffe4157512deae1,qualification.application.v1,measurement.messaging.reproducible.v1,True,48,24,60,8192,2097152,5,2000000,2097152,8388608,50,33554432,15,30,60,True,10,,True,True,valid,True,True,True,True,eligible,True,3026.200928112753,3022.82265625,3022.82265625,387353.7187984324,386921.3,386921.3,0.23073054457816267,messages_attempted,11649953,0.07563256000867113,0,0.0,107.0,166.0,198.0,241.0,108.67586825348006,345.867182,1164995,1164995,0,0,2.969,8.42,0,0,0,0,0,0,False,,1078.4281307674162,1292.5762583678995,3.0252848108498176,2.472156740694026,3.0252848108498176,/mnt/vast-nhr/projects/nhr_ni_starter_27971/messaging-benchmark-29ffcb4/results/workflows/kafka/kafka_reproducible_standard96s_20260814T163308Z/selected-results/v2/screen_b01_o06_cfg_107_B1/final_report.json,30,6.804800233333333,7.323765,10.816741180419921,10.831741333007812,3112.61062780191,3142.882088934164,3113.2116774027377,3140.5780681353967,53.570562,3262552243.603825,3195451109.9852657,0.0,0.0,0.9379176475259267,0.22580645161290305,0.748483870967742,0.2245985663082443,4.321759856630825,6.389893126133333,0.314367816091954,3.9172413793103447,4706041591.105881,4638166193.837982,0.0,0.0,0.9427253803016655,1.339999999999975,5.0,2.0,32.0,9.51900884,0.7931034482758621,11.551724137931032,4811522690.482882,4745365393.697783,0.0,0.0,0.9344625152774078,0.0,0.0,0.0,0.0,4.445364936,0.5172413793103449,3.8965517241379306
screen_b02_o01_cfg_061_B0,profile_screening,cfg_061,qualified_sustainable_secondary,2,1,B0,d082de4f4d19f320ebcd87ccbeccf71121251cce04eeae0bc2e939b92dacee3d,qualification.application.v1,measurement.messaging.reproducible.v1,True,48,56,90,8192,524288,20,1000000,2097152,8388608,25,16777216,15,30,60,True,10,,True,True,valid,True,True,True,True,eligible,True,3019.3835884166133,3094.988802083333,3019.3835884166133,386481.0993173265,396158.56666666665,386481.0993173265,3.0148861685485424,messages_attempted,12270115,1.7482472590054385,0,0.0,314.0,4080.0,6620.0,9790.0,949.5521928782683,13020.746307,1227010,1227010,0,0,3.648,3.55,0,0,0,0,0,0,False,,1078.4281307674162,1292.5762583678995,3.054067543714188,2.532937162306389,3.054067543714188,/mnt/vast-nhr/projects/nhr_ni_starter_27971/messaging-benchmark-29ffcb4/results/workflows/kafka/kafka_reproducible_standard96s_20260814T163308Z/selected-results/v2/screen_b02_o01_cfg_061_B0/final_report.json,30,4.206710066666667,4.374432,5.671915435791016,5.683017730712891,3237.3944676627243,3362.486225811326,3237.9064601322416,3384.1404039081604,56.015434,3293592352.405126,3274014439.9349976,0.0,0.0,0.9419136793914791,0.8586917562724018,0.7455053763440862,0.8883476702508963,5.246569892473119,2.5447519792,0.4045977011494253,3.7511494252873567,4808331911.171041,4788716643.608576,0.0,0.0,0.946315776865823,13.0,4.75,10.0,33.860000000000014,4.92026144,0.896551724137931,9.03448275862069,4924152805.943117,4905048051.280897,0.0,0.0,0.9381430614919762,0.0,0.0,0.0,0.0,5.13894728,0.7931034482758621,5.448275862068964
screen_b02_o02_cfg_061_B1,profile_screening,cfg_061,qualified_sustainable_secondary,2,2,B1,aa578e7a127f69f847c6521bb897f1a84aeabb89d08312e10ffe4157512deae1,qualification.application.v1,measurement.messaging.reproducible.v1,True,48,56,90,8192,524288,20,1000000,2097152,8388608,25,16777216,15,30,60,True,10,,True,True,valid,True,True,True,True,eligible,True,3006.670964753813,3006.41875,3006.41875,384853.8834884881,384821.6,384821.6,0.1433494713858585,messages_attempted,11568930,0.06046819896437228,0,0.0,54.4,99.4,115.0,144.0,57.90880360497211,227.866675,1156893,1156893,0,0,3.539,6.161,0,0,0,0,0,0,False,,1078.4281307674162,1292.5762583678995,2.959833101376262,2.413832581442112,2.959833101376262,/mnt/vast-nhr/projects/nhr_ni_starter_27971/messaging-benchmark-29ffcb4/results/workflows/kafka/kafka_reproducible_standard96s_20260814T163308Z/selected-results/v2/screen_b02_o02_cfg_061_B1/final_report.json,30,7.216478933333334,7.512677,10.78835563659668,10.797828674316406,3089.380361945476,3101.421804483587,3094.152264034588,3124.5216239830925,54.0326,3191967278.900727,3120062686.4469733,0.0,0.0,0.9369640445426606,0.619168458781363,0.8656379928315413,0.23648745519713277,4.4987777777777795,5.433747930933333,0.3385057471264368,5.114942528735631,4626350738.075251,4554851780.718157,0.0,0.0,0.9407738804818155,6.0,7.0,1.0,36.0,9.705995792,0.8620689655172413,15.413793103448276,4732047937.655691,4659765336.347511,0.0,0.0,0.9323848255007132,0.0,0.0,0.0,0.0,5.489498624,0.5172413793103449,4.206896551724138
screen_b02_o03_cfg_061_B2,profile_screening,cfg_061,qualified_sustainable_secondary,2,3,B2,129e338f81b5bee42207894cfeba5a8e3678b1a72eb0fae3bfe4584ad96b9287,qualification.application.v1,measurement.messaging.reproducible.v1,True,48,56,90,8192,524288,20,1000000,2097152,8388608,25,16777216,15,30,60,True,10,,True,True,valid,True,True,True,True,eligible,True,3010.4642932373918,3010.3997395833335,3010.3997395833335,385339.42953438614,385331.1666666667,385331.1666666667,0.1293998249977013,messages_attempted,11582705,0.05840118700871244,0,0.0,64.8,98.5,115.0,145.0,61.047331779915254,225.746462,1158272,1158272,0,0,3.475,1.623,0,0,0,0,0,0,False,,1078.4281307674162,1292.5762583678995,2.905866560393665,2.416104793397826,2.905866560393665,/mnt/vast-nhr/projects/nhr_ni_starter_27971/messaging-benchmark-29ffcb4/results/workflows/kafka/kafka_reproducible_standard96s_20260814T163308Z/selected-results/v2/screen_b02_o03_cfg_061_B2/final_report.json,30,7.619391833333333,8.006002,20.984113057454426,20.99803924560547,3092.921457351644,3109.0711822817507,3097.4881677169205,3114.791459839902,53.955544,3133768242.984881,3122999693.674909,0.0,0.0,0.9514153574559321,0.17455197132616487,1.3035878136200731,0.1866774193548387,4.379960573476704,10.5077646736,0.24367816091954025,5.234482758620689,4564846036.820903,4554206769.781788,0.0,0.0,0.9531492352360867,1.0,8.0,1.0,33.0,19.297292376,0.6896551724137931,16.931034482758623,4670429172.486162,4659762769.98967,0.0,0.0,0.9531492352360867,0.0,0.0,0.0,0.0,19.297292376,0.27586206896551724,2.6206896551724124
screen_b02_o04_cfg_061_B5,profile_screening,cfg_061,qualified_sustainable_secondary,2,4,B5,9ca443bdd30445529ed238228772de19b3f8ac80cde6c00ad8f479f75130c4cc,qualification.application.v1,measurement.messaging.reproducible.v1,True,48,56,90,8192,524288,20,1000000,2097152,8388608,25,16777216,15,30,60,True,10,,True,True,valid,True,True,True,True,eligible,True,3016.8648419377237,3016.882291666667,3016.8648419377237,386158.69976802863,386160.93333333335,386158.69976802863,0.07797928988676021,messages_attempted,11600516,0.04071732301963493,0,0.0,41.0,75.8,92.0,111.0,43.085915519037044,220.558251,1160054,1160054,0,0,3.573,2.81,0,0,0,0,0,0,False,,1078.4281307674162,1292.5762583678995,2.932616868835505,2.52130629608112,2.932616868835505,/mnt/vast-nhr/projects/nhr_ni_starter_27971/messaging-benchmark-29ffcb4/results/workflows/kafka/kafka_reproducible_standard96s_20260814T163308Z/selected-results/v2/screen_b02_o04_cfg_061_B5/final_report.json,29,8.08302003448276,8.367776,41.27038903071963,41.334617614746094,3099.5452341876967,3110.781357825063,3103.2300092618634,3124.287245326109,53.281085,3162616528.115267,3258980658.387962,0.0,0.0,0.9570703225762678,0.23225806451612904,0.9424336917562726,0.21525089605734793,21.608541218637995,20.340798426133333,0.20057471264367815,4.2235632183908045,4600893361.861579,4696876469.463878,0.0,0.0,0.960057810877282,2.0,8.0,2.0,36.0,38.998143696,0.5517241379310345,12.96551724137931,4707167326.27204,4803073813.619795,0.0,0.0,0.960057810877282,0.0,0.0,0.0,0.0,20.178685592,0.13793103448275862,1.3448275862068957
screen_b02_o05_cfg_061_B3,profile_screening,cfg_061,qualified_sustainable_secondary,2,5,B3,4ea62ce23e0e376b955c86c3483ff36171163650a32804c34ce36656bb430f35,qualification.application.v1,measurement.messaging.reproducible.v1,True,48,56,90,8192,524288,20,1000000,2097152,8388608,25,16777216,15,30,60,True,10,,True,True,valid,True,True,True,True,eligible,True,3051.028987557306,3050.4518229166665,3050.4518229166665,390531.7104073352,390457.8333333333,390457.8333333333,0.21632455647676607,messages_attempted,11745777,0.07623608299763873,0,0.0,80.9,130.0,166.0,213.0,79.03058061286744,371.574644,1174577,1174577,0,0,2.961,1.192,0,0,0,0,0,0,False,,1078.4281307674162,1292.5762583678995,2.965117648438364,2.5493421323037997,2.965117648438364,/mnt/vast-nhr/projects/nhr_ni_starter_27971/messaging-benchmark-29ffcb4/results/workflows/kafka/kafka_reproducible_standard96s_20260814T163308Z/selected-results/v2/screen_b02_o05_cfg_061_B3/final_report.json,29,6.918919241379311,7.276587,20.992508329194166,21.019412994384766,3130.653161475291,3149.987018444373,3134.828412358259,3156.112264900032,53.849434,3197666283.1108613,3295219114.6728883,0.0,0.0,0.9605764866017666,0.20483512544802893,0.9552795698924733,0.2503512544802883,28.211293906810035,10.708906877866667,0.23045977011494254,4.382758620689655,4655388802.905613,4752872062.674995,0.0,0.0,0.9638868954220188,2.0,8.0,1.1599999999999682,35.0,19.730132,0.6206896551724138,13.517241379310345,4763542207.147711,4860959987.118563,0.0,0.0,0.9638868954220188,0.0,0.0,0.0,0.0,18.746606496,0.27586206896551724,2.965517241379311
screen_b02_o06_cfg_061_B4,profile_screening,cfg_061,qualified_sustainable_secondary,2,6,B4,2451b1c29cb1ca5487bf4a49262288b03958d0f72fe53c5400390816bcbaec5e,qualification.application.v1,measurement.messaging.reproducible.v1,True,48,56,90,8192,524288,20,1000000,2097152,8388608,25,16777216,15,30,60,True,10,,True,True,valid,True,True,True,True,eligible,True,3017.7169468044212,3017.186458333333,3017.186458333333,386267.7691909659,386199.86666666664,386199.86666666664,0.06332830137995524,messages_attempted,11599869,0.03063083701999858,0,0.0,36.9,59.7,77.6,98.7,37.64986856602827,220.724392,1159988,1159988,0,0,3.59,12.066,0,0,0,0,0,0,False,,1078.4281307674162,1292.5762583678995,2.916724250909652,2.428815966814661,2.916724250909652,/mnt/vast-nhr/projects/nhr_ni_starter_27971/messaging-benchmark-29ffcb4/results/workflows/kafka/kafka_reproducible_standard96s_20260814T163308Z/selected-results/v2/screen_b02_o06_cfg_061_B4/final_report.json,30,8.134202433333334,8.520066,41.27611834208171,41.32716369628906,3099.790798604975,3107.738911629913,3103.0411797587526,3134.935782361165,54.146564,3145477481.872488,3139429854.649507,0.0,0.0,0.9595100015664573,0.21272759856630835,1.3009175627240148,0.1870286738351256,4.38725806451613,19.68682714,0.19137931034482758,4.9959770114942526,4579917499.618602,4574180232.06864,0.0,0.0,0.9623477417981259,2.0,9.0,2.0,36.0,37.92560908,0.5517241379310345,15.586206896551724,4686709446.568657,4680816010.334433,0.0,0.0,0.9623477417981259,0.0,0.0,0.0,0.0,24.876994904,0.13793103448275862,1.6896551724137907
screen_b03_o01_cfg_094_B2,profile_screening,cfg_094,high_record_rate_pressure,3,1,B2,129e338f81b5bee42207894cfeba5a8e3678b1a72eb0fae3bfe4584ad96b9287,qualification.application.v1,measurement.messaging.reproducible.v1,True,64,56,90,1024,1048576,5,1000000,524288,4194304,25,8388608,15,30,60,True,10,,True,True,valid,True,True,True,True,eligible,True,987.8607174243667,992.2621419270833,987.8607174243667,1011569.3746425515,1016076.4333333333,1011569.3746425515,0.9397441121300644,messages_attempted,30780826,0.4287636789958924,0,0.0,305.0,654.0,733.0,808.0,326.8574169696477,950.75293,3078086,3078086,0,0,3.567,20.36,0,0,0,0,0,0,False,,1078.4281307674162,1292.5762583678995,0.9942520510182672,0.811953383041445,0.9942520510182672,/mnt/vast-nhr/projects/nhr_ni_starter_27971/messaging-benchmark-29ffcb4/results/workflows/kafka/kafka_reproducible_standard96s_20260814T163308Z/selected-results/v2/screen_b03_o01_cfg_094_B2/final_report.json,30,6.952821,7.107535,20.972131474812826,20.98770523071289,1073.7873250226735,1093.392460140913,1077.396143581689,1099.113393610162,19.083341,1072229380.8912996,1049511665.8208691,0.0,0.0,0.9525062927146027,0.25227598566308257,1.2450179211469545,0.15046594982078837,4.184863799283155,10.928702412266666,0.22183852564133047,5.063211732983322,1562324397.7167463,1539356444.0780387,0.0,0.0,0.954127644711442,1.0,8.0,1.0,34.0,20.263188064,0.6206896551724138,15.965517241379311,1599893454.8685904,1577449307.0409126,0.0,0.0,0.9548635050905132,0.0,0.0,0.0,0.0,13.689628184,0.24137931034482757,2.310344827586205
screen_b03_o02_cfg_094_B1,profile_screening,cfg_094,high_record_rate_pressure,3,2,B1,aa578e7a127f69f847c6521bb897f1a84aeabb89d08312e10ffe4157512deae1,qualification.application.v1,measurement.messaging.reproducible.v1,True,64,56,90,1024,1048576,5,1000000,524288,4194304,25,8388608,15,30,60,True,10,,True,True,valid,True,True,True,True,eligible,True,986.806582397264,988.9096028645833,986.806582397264,1010489.9403747984,1012643.4333333333,1010489.9403747984,0.9662328129191117,messages_attempted,30689912,0.3713096059509553,0,0.0,308.0,573.0,653.0,744.0,310.61380534520464,919.068043,3068988,3068988,0,0,3.513,19.293,0,0,0,0,0,0,False,,1078.4281307674162,1292.5762583678995,0.9893786164889332,0.846485587339049,0.9893786164889332,/mnt/vast-nhr/projects/nhr_ni_starter_27971/messaging-benchmark-29ffcb4/results/workflows/kafka/kafka_reproducible_standard96s_20260814T163308Z/selected-results/v2/screen_b03_o02_cfg_094_B1/final_report.json,29,6.360247103448276,6.546594,10.791913657352842,10.80179214477539,1068.6487206803085,1099.0695103991757,1072.5596520981908,1108.414080298746,18.85907,1066973732.0014125,1094147173.2450619,0.0,0.0,0.9393434464794891,0.13799283154121864,0.6419605734767024,0.22429390681003566,27.399544802867382,5.586057180266667,0.2724149822871094,4.091399348089516,1556422722.3108327,1583571939.4015176,0.0,0.0,0.9428204803805267,1.0,4.0,1.0,33.0,10.253422128,0.6897265234334586,12.448275862068964,1592880154.3779585,1620094999.9817297,0.0,0.0,0.9364477045087066,0.0,0.0,0.0,0.0,8.581115304,0.3793103448275862,2.896551724137932
screen_b03_o03_cfg_094_B4,profile_screening,cfg_094,high_record_rate_pressure,3,3,B4,2451b1c29cb1ca5487bf4a49262288b03958d0f72fe53c5400390816bcbaec5e,qualification.application.v1,measurement.messaging.reproducible.v1,True,64,56,90,1024,1048576,5,1000000,524288,4194304,25,8388608,15,30,60,True,10,,True,True,valid,True,True,True,True,eligible,True,993.2322404916885,995.4424153645833,993.2322404916885,1017069.814263489,1019333.0333333333,1017069.814263489,1.0322288533861026,messages_attempted,30925022,0.40599457203643396,0,0.0,319.0,674.0,762.0,848.0,333.09130465172905,1042.457983,3092500,3092500,0,0,3.587,18.065,0,0,0,0,0,0,False,,1078.4281307674162,1292.5762583678995,1.0042225978642254,0.8295934749935253,1.0042225978642254,/mnt/vast-nhr/projects/nhr_ni_starter_27971/messaging-benchmark-29ffcb4/results/workflows/kafka/kafka_reproducible_standard96s_20260814T163308Z/selected-results/v2/screen_b03_o03_cfg_094_B4/final_report.json,30,7.156529766666667,7.542489,40.41041768391927,41.29176712036133,1076.2686888505355,1119.2492683638334,1079.8648098140322,1128.8301120288486,19.137242,1082981899.0891154,1072312829.8735547,0.0,0.0,0.9555406660760768,0.2043440860215055,1.1563297491039428,0.14936559139784955,4.077351254480289,20.72850520533333,0.19425287356321838,5.226436781609196,1574610407.1692524,1563815489.3191524,0.0,0.0,0.9598974733363987,1.0,8.0,1.0,34.0,39.132900024,0.5517241379310345,16.06896551724138,1610973335.3064969,1600461300.2537613,0.0,0.0,0.9598974733363987,0.0,0.0,0.0,0.0,6.891432208,0.13793103448275862,1.758620689655174
screen_b03_o04_cfg_094_B5,profile_screening,cfg_094,high_record_rate_pressure,3,4,B5,9ca443bdd30445529ed238228772de19b3f8ac80cde6c00ad8f479f75130c4cc,qualification.application.v1,measurement.messaging.reproducible.v1,True,64,56,90,1024,1048576,5,1000000,524288,4194304,25,8388608,15,30,60,True,10,,True,True,valid,True,True,True,True,eligible,True,994.3017619283327,996.6115559895833,994.3017619283327,1018165.0042146127,1020530.2333333333,1018165.0042146127,1.0024147085828725,messages_attempted,30951561,0.39932731998851523,0,0.0,317.0,659.0,744.0,825.0,329.26120511072617,1006.053789,3095158,3095158,0,0,3.583,6.15,0,0,0,0,0,0,False,,1078.4281307674162,1292.5762583678995,1.0118611611225938,0.8473963910055732,1.0118611611225938,/mnt/vast-nhr/projects/nhr_ni_starter_27971/messaging-benchmark-29ffcb4/results/workflows/kafka/kafka_reproducible_standard96s_20260814T163308Z/selected-results/v2/screen_b03_o04_cfg_094_B5/final_report.json,30,7.2313696,7.511701,40.29993095397949,41.2630500793457,1077.573378126716,1101.555115036171,1080.9130509518566,1097.7868037021265,19.112705,1091219540.585586,1095324456.4404454,0.0,0.0,0.9507433987507485,0.2430000000000001,0.7748888888888891,0.16304301075268826,27.161315412186376,21.351435719733335,0.1988505747126437,4.246551724137931,1582285015.4851198,1585763754.4507911,0.0,0.0,0.9547918526295747,1.7100000000000364,7.0,1.7100000000000364,33.0,39.565034624,0.5517241379310345,12.586206896551724,1618132394.9279523,1622423097.447162,0.0,0.0,0.9547824777548697,0.0,0.0,0.0,0.0,7.625849248,0.13793103448275862,1.4137931034482751
screen_b03_o05_cfg_094_B3,profile_screening,cfg_094,high_record_rate_pressure,3,5,B3,4ea62ce23e0e376b955c86c3483ff36171163650a32804c34ce36656bb430f35,qualification.application.v1,measurement.messaging.reproducible.v1,True,64,56,90,1024,1048576,5,1000000,524288,4194304,25,8388608,15,30,60,True,10,,True,True,valid,True,True,True,True,eligible,True,994.7920162079841,996.8624348958333,994.7920162079841,1018667.0245969758,1020787.1333333333,1018667.0245969758,1.1025567230685582,messages_attempted,30979812,0.4120989419752732,0,0.0,321.0,683.0,770.0,854.0,336.2569861070618,1010.792567,3097987,3097987,0,0,2.988,7.516,0,0,0,0,0,0,False,,1078.4281307674162,1292.5762583678995,1.0226882100473966,0.8560980320274075,1.0226882100473966,/mnt/vast-nhr/projects/nhr_ni_starter_27971/messaging-benchmark-29ffcb4/results/workflows/kafka/kafka_reproducible_standard96s_20260814T163308Z/selected-results/v2/screen_b03_o05_cfg_094_B3/final_report.json,29,7.102522103448276,7.31932,20.975831261996564,20.99557113647461,1077.5520173709403,1110.9186535570516,1081.1788190221296,1119.0686437864665,19.013606,1102895734.7192886,1106571991.0341086,0.0,0.0,0.9562004120271997,0.22384946236559147,0.7225734767025092,0.1864014336917564,26.733702508960572,11.008780379466666,0.2114942528735632,3.9637931034482756,1594936678.831565,1598312647.0132594,0.0,0.0,0.9598985811659904,2.0,6.0,2.0,31.710000000000036,20.671002344,0.5862068965517241,12.586206896551724,1630624617.4236112,1634045145.1004035,0.0,0.0,0.9598985811659904,0.0,0.0,0.0,0.0,9.815960128,0.24137931034482757,2.517241379310345
screen_b03_o06_cfg_094_B0,profile_screening,cfg_094,high_record_rate_pressure,3,6,B0,d082de4f4d19f320ebcd87ccbeccf71121251cce04eeae0bc2e939b92dacee3d,qualification.application.v1,measurement.messaging.reproducible.v1,True,64,56,90,1024,1048576,5,1000000,524288,4194304,25,8388608,15,30,60,True,10,,True,True,valid,True,True,True,True,eligible,True,1000.1236028427561,1000.97392578125,1000.1236028427561,1024126.5693109822,1024997.3,1024126.5693109822,1.1743031684863312,messages_attempted,31136508,0.40294988499954343,0,0.0,364.0,681.0,773.0,860.0,367.04286636122265,1011.140439,3113653,3113653,0,0,2.974,3.927,0,0,0,0,0,0,False,,1078.4281307674162,1292.5762583678995,1.000803605092899,0.8524918890619366,1.000803605092899,/mnt/vast-nhr/projects/nhr_ni_starter_27971/messaging-benchmark-29ffcb4/results/workflows/kafka/kafka_reproducible_standard96s_20260814T163308Z/selected-results/v2/screen_b03_o06_cfg_094_B0/final_report.json,30,5.344675033333333,5.512899,5.714082717895508,5.7272491455078125,1080.3711115941444,1104.0753009584637,1083.5652932744856,1107.0117624021798,19.101824,1079294761.1056266,1101910776.2526605,0.0,0.0,0.9345076851235151,0.45725089605734637,0.7502974910394267,0.20715770609319015,26.994222222222223,2.8221129088,0.3678168852078641,3.358055812342202,1574667756.5178719,1597428661.6455069,0.0,0.0,0.9466206260747341,4.0,5.0,1.0,33.0,5.114851504,0.8275862068965517,8.551724137931034,1611077418.1817145,1633777227.3752098,0.0,0.0,0.9217595894188476,0.0,0.0,0.0,0.0,0.54545188,0.6896551724137931,4.344827586206896
screen_b04_o01_cfg_101_B5,profile_screening,cfg_101,raw_throughput_upper_bound,4,1,B5,9ca443bdd30445529ed238228772de19b3f8ac80cde6c00ad8f479f75130c4cc,qualification.application.v1,measurement.messaging.reproducible.v1,True,40,56,180,16384,524288,40,1000000,1048576,8388608,10,16777216,15,30,60,True,10,,True,True,valid,True,True,True,True,eligible,True,3189.186364110451,3189.059375,3189.059375,204107.92730306886,204099.8,204099.8,0.10355865646140609,messages_attempted,6130825,0.036974497023038566,0,0.0,44.0,56.1,85.7,110.0,39.605853160614465,229.844682,613083,613083,0,0,4.143,12.846,0,0,0,0,0,0,False,,1078.4281307674162,1292.5762583678995,3.1141330854271603,2.707228200005331,3.1141330854271603,/mnt/vast-nhr/projects/nhr_ni_starter_27971/messaging-benchmark-29ffcb4/results/workflows/kafka/kafka_reproducible_standard96s_20260814T163308Z/selected-results/v2/screen_b04_o01_cfg_101_B5/final_report.json,30,7.097102333333334,7.501719,41.21275914510091,41.28691482543945,3261.2543946124383,3269.6765191751138,3266.930027962835,3275.9084386297577,56.327855,3358368722.2781787,3499298897.3109546,0.0,0.0,0.9585175595976582,0.17940860215053775,0.9253835125448029,0.2883942652329748,27.08813620071685,20.560046463200003,0.19770114942528735,4.372988505747127,4875476373.733396,5016646169.3191185,0.0,0.0,0.9623815043065773,1.0,7.0,1.0,28.0,39.638865616,0.5517241379310345,13.379310344827587,4989473783.341541,5130119776.327881,0.0,0.0,0.9623815043065773,0.0,0.0,0.0,0.0,1.124516032,0.13793103448275862,1.758620689655172
screen_b04_o02_cfg_101_B4,profile_screening,cfg_101,raw_throughput_upper_bound,4,2,B4,2451b1c29cb1ca5487bf4a49262288b03958d0f72fe53c5400390816bcbaec5e,qualification.application.v1,measurement.messaging.reproducible.v1,True,40,56,180,16384,524288,40,1000000,1048576,8388608,10,16777216,15,30,60,True,10,,True,True,valid,True,True,True,True,eligible,True,3186.92491472489,3186.7828125,3186.7828125,203963.19454239297,203954.1,203954.1,0.1021991841041338,messages_attempted,6126272,0.03611394402105361,0,0.0,43.6,54.0,57.4,72.8,38.18911386269155,97.460382,612628,612628,0,0,3.53,19.772,0,0,0,0,0,0,False,,1078.4281307674162,1292.5762583678995,3.1036342994923487,2.5774018238093666,3.1036342994923487,/mnt/vast-nhr/projects/nhr_ni_starter_27971/messaging-benchmark-29ffcb4/results/workflows/kafka/kafka_reproducible_standard96s_20260814T163308Z/selected-results/v2/screen_b04_o02_cfg_101_B4/final_report.json,29,7.089158448275862,7.392084,41.18023326479155,41.25566864013672,3258.693894430656,3265.318256069433,3264.243485117283,3271.205435521824,55.987832,3347046536.187173,3331488405.7301116,0.0,0.0,0.9599222582481953,0.2720501792114695,1.7447240143369174,0.1362150537634409,4.3309068100358425,21.192379726133332,0.20172413793103447,5.120689655172414,4864162304.96372,4848074737.588429,0.0,0.0,0.964466057509345,2.0,11.0,1.0,32.0,39.404258808,0.5862068965517241,16.0,4975955407.093552,4960018777.62126,0.0,0.0,0.964466057509345,0.0,0.0,0.0,0.0,39.304753456,0.13793103448275862,1.8275862068965496
screen_b04_o03_cfg_101_B3,profile_screening,cfg_101,raw_throughput_upper_bound,4,3,B3,4ea62ce23e0e376b955c86c3483ff36171163650a32804c34ce36656bb430f35,qualification.application.v1,measurement.messaging.reproducible.v1,True,40,56,180,16384,524288,40,1000000,1048576,8388608,10,16777216,15,30,60,True,10,,True,True,valid,True,True,True,True,eligible,True,3187.3024684412494,3186.9557291666665,3186.9557291666665,203987.35798023996,203965.16666666666,203965.16666666666,0.10382068612073622,messages_attempted,6126910,0.03564030799316242,0,0.0,43.7,54.3,58.6,73.1,38.4110449197196,117.441132,612690,612690,0,0,2.98,17.263,0,0,0,0,0,0,False,,1078.4281307674162,1292.5762583678995,3.074866274539352,2.513337904744237,3.074866274539352,/mnt/vast-nhr/projects/nhr_ni_starter_27971/messaging-benchmark-29ffcb4/results/workflows/kafka/kafka_reproducible_standard96s_20260814T163308Z/selected-results/v2/screen_b04_o03_cfg_101_B3/final_report.json,30,7.084976366666667,7.492547,21.009785970052082,21.030616760253906,3259.3685701873974,3265.545895268138,3264.7069344126667,3273.5271595431004,56.449278,3316022288.811242,3248680904.9285216,0.0,0.0,0.9588562616005539,0.12918279569892477,1.3851935483870976,0.12928673835125448,4.214498207885307,9.616102945333333,0.23160919540229885,4.897701149425288,4833156684.101477,4766188708.386721,0.0,0.0,0.9621903647565306,1.0,9.0,1.0,32.710000000000036,19.14564856,0.6206896551724138,15.03448275862069,4943971416.767385,4877759911.626928,0.0,0.0,0.9621903647565306,0.0,0.0,0.0,0.0,2.65679028,0.24137931034482757,2.758620689655171
screen_b04_o04_cfg_101_B0,profile_screening,cfg_101,raw_throughput_upper_bound,4,4,B0,d082de4f4d19f320ebcd87ccbeccf71121251cce04eeae0bc2e939b92dacee3d,qualification.application.v1,measurement.messaging.reproducible.v1,True,40,56,180,16384,524288,40,1000000,1048576,8388608,10,16777216,15,30,60,True,10,,True,True,valid,True,True,True,True,eligible,False,2728.7814206032576,2974.8244791666666,2728.7814206032576,174642.0109186085,190388.76666666666,174642.0109186085,11.097635128356014,messages_attempted,6428721,6.810759321029764,0,0.0,997.0,10300.0,14100.0,18400.0,2745.8118510935337,25440.486198,642870,642870,0,0,3.524,16.885,0,0,0,0,0,0,False,,1078.4281307674162,1292.5762583678995,3.008159644990752,2.4965388603318663,3.008159644990752,/mnt/vast-nhr/projects/nhr_ni_starter_27971/messaging-benchmark-29ffcb4/results/workflows/kafka/kafka_reproducible_standard96s_20260814T163308Z/selected-results/v2/screen_b04_o04_cfg_101_B0/final_report.json,30,4.396924299999999,4.249254,5.689367294311523,5.703605651855469,3225.727466419274,3423.2814343423893,3227.298832705148,3436.1301370165415,54.806977,3244083982.997351,3226966858.957824,0.0,0.0,0.9409860179543625,1.538913978494624,0.8698494623655912,0.6916057347670254,4.724806451612904,2.8422448696,0.42068965517241375,3.5729885057471265,4749368472.095052,4732254575.585611,0.0,0.0,0.9447777277088851,18.0,5.0,7.0,29.0,4.846879712,0.9655172413793103,8.89655172413793,4864101198.196957,4847451562.536539,0.0,0.0,0.9363817535662484,0.0,0.0,0.0,0.0,1.561812592,0.7586206896551724,5.172413793103449
screen_b04_o05_cfg_101_B2,profile_screening,cfg_101,raw_throughput_upper_bound,4,5,B2,129e338f81b5bee42207894cfeba5a8e3678b1a72eb0fae3bfe4584ad96b9287,qualification.application.v1,measurement.messaging.reproducible.v1,True,40,56,180,16384,524288,40,1000000,1048576,8388608,10,16777216,15,30,60,True,10,,True,True,valid,True,True,True,True,eligible,True,3187.1370602824945,3187.3947916666666,3187.1370602824945,203976.77185807965,203993.26666666666,203976.77185807965,0.1036128219439195,messages_attempted,6127620,0.04061066603753716,0,0.0,44.2,58.5,78.9,102.0,40.01455973152458,209.604407,612760,612760,0,0,2.965,11.275,0,0,0,0,0,0,False,,1078.4281307674162,1292.5762583678995,3.1254333088899973,2.630644772778812,3.1254333088899973,/mnt/vast-nhr/projects/nhr_ni_starter_27971/messaging-benchmark-29ffcb4/results/workflows/kafka/kafka_reproducible_standard96s_20260814T163308Z/selected-results/v2/screen_b04_o05_cfg_101_B2/final_report.json,30,6.950463366666667,7.221213,21.00319048563639,21.020366668701172,3259.583759424328,3267.989606693619,3265.144463279897,3288.416445107812,57.102427,3370555201.14446,3400308977.49351,0.0,0.0,0.9557388038571665,0.12865949820788536,1.0814444444444447,0.46522939068100366,35.4052688172043,10.208474054666665,0.23275862068965517,4.170114942528736,4880611663.164157,4911010169.541735,0.0,0.0,0.9575766048705469,1.0,7.0,1.0,32.0,19.511205608,0.6551724137931034,13.310344827586208,4998260034.158033,5025922757.787611,0.0,0.0,0.9575766048705469,0.0,0.0,0.0,0.0,2.655986976,0.24137931034482757,2.3793103448275867
screen_b04_o06_cfg_101_B1,profile_screening,cfg_101,raw_throughput_upper_bound,4,6,B1,aa578e7a127f69f847c6521bb897f1a84aeabb89d08312e10ffe4157512deae1,qualification.application.v1,measurement.messaging.reproducible.v1,True,40,56,180,16384,524288,40,1000000,1048576,8388608,10,16777216,15,30,60,True,10,,True,True,valid,True,True,True,True,eligible,True,3181.120124916378,3182.0213541666667,3181.120124916378,203591.68799464818,203649.36666666667,203591.68799464818,0.1243823983299322,messages_attempted,6119033,0.05519940098747611,0,0.0,47.8,86.6,109.0,156.0,47.31148206740121,291.366567,611903,611903,0,0,2.953,9.203,0,0,0,0,0,0,False,,1078.4281307674162,1292.5762583678995,3.140522729865747,2.564164205203997,3.140522729865747,/mnt/vast-nhr/projects/nhr_ni_starter_27971/messaging-benchmark-29ffcb4/results/workflows/kafka/kafka_reproducible_standard96s_20260814T163308Z/selected-results/v2/screen_b04_o06_cfg_101_B1/final_report.json,30,6.530753866666667,6.712422,10.819598642985026,10.834625244140625,3254.785519287461,3267.3260984488384,3260.05586585896,3297.321360093974,56.561655,3386828057.2017007,3314377774.2034807,0.0,0.0,0.9415474846374525,0.4476451612903223,0.7879354838709678,0.16717204301075286,3.622336917562725,6.3049535128,0.32356321839080454,4.798275862068966,4894364051.571534,4822714232.935194,0.0,0.0,0.943657225540212,2.0,4.0,2.0,28.0,10.216448024,0.8275862068965517,14.862068965517242,5006079492.504423,4934609846.4205675,0.0,0.0,0.9391194722884478,0.0,0.0,0.0,0.0,6.966854984,0.48275862068965514,3.9999999999999973
screen_b05_o01_latency_anchor_B3,profile_screening,latency_anchor,fixed_rate_latency_reference,5,1,B3,4ea62ce23e0e376b955c86c3483ff36171163650a32804c34ce36656bb430f35,qualification.application.v1,measurement.messaging.reproducible.v1,True,40,40,120,4096,32768,1,1000000,1048576,1,1,8388608,15,30,60,True,10,285370.6866266942,True,True,valid,True,True,True,True,eligible,True,1107.5239728911588,1108.5967447916667,1107.5239728911588,283526.13706013665,283800.76666666666,283526.13706013665,0.5466200421274835,messages_attempted,8561157,0.19523164205020294,0,0.0,146.0,262.0,323.0,398.0,153.69815080790428,606.035229,856120,856120,0,0,2.964,11.439,0,0,0,0,0,0,False,,1078.4281307674162,1292.5762583678995,1.0947186629275818,0.8933706148512307,1.0947186629275818,/mnt/vast-nhr/projects/nhr_ni_starter_27971/messaging-benchmark-29ffcb4/results/workflows/kafka/kafka_reproducible_standard96s_20260814T163308Z/selected-results/v2/screen_b05_o01_latency_anchor_B3/final_report.json,30,7.3100608000000005,7.580913,20.94408353169759,20.973953247070312,1173.5693714137517,1195.4665322410413,1176.7361960673102,1199.0499354980554,20.666441,1180575401.377197,1154749646.6802335,0.0,0.0,0.9618988178264164,0.18613978494623656,1.5305376344086021,0.12376702508960571,3.620892473118279,10.917574416799999,0.2045977011494253,4.191379310344828,1716509957.3926446,1690782311.413159,0.0,0.0,0.9650031722027285,1.0,8.0,1.0,28.529999999999944,20.03238116,0.5517241379310345,13.275862068965516,1756210910.881034,1730328240.2704973,0.0,0.0,0.9643231612546525,0.0,0.0,0.0,0.0,4.34544636,0.24137931034482757,2.5862068965517264
screen_b05_o02_latency_anchor_B2,profile_screening,latency_anchor,fixed_rate_latency_reference,5,2,B2,129e338f81b5bee42207894cfeba5a8e3678b1a72eb0fae3bfe4584ad96b9287,qualification.application.v1,measurement.messaging.reproducible.v1,True,40,40,120,4096,32768,1,1000000,1048576,1,1,8388608,15,30,60,True,10,285370.6866266942,True,True,valid,True,True,True,True,eligible,True,1108.0739049788838,1109.1274739583334,1108.0739049788838,283666.91967459425,283936.63333333336,283666.91967459425,0.5002478637230766,messages_attempted,8561156,0.18014108599163592,0,0.0,143.0,246.0,314.0,412.0,149.56587583052843,686.60438,856120,856120,0,0,2.958,10.894,0,0,0,0,0,0,False,,1078.4281307674162,1292.5762583678995,1.102789962656938,0.9048107628708871,1.102789962656938,/mnt/vast-nhr/projects/nhr_ni_starter_27971/messaging-benchmark-29ffcb4/results/workflows/kafka/kafka_reproducible_standard96s_20260814T163308Z/selected-results/v2/screen_b05_o02_latency_anchor_B2/final_report.json,30,6.973857,7.207428,20.94025115966797,20.960296630859375,1174.2162210798806,1182.5091585401553,1177.2255177547001,1185.6158855048027,20.772216,1189279718.0571904,1169536910.402656,0.0,0.0,0.9559597847664559,0.14326164874551955,1.3106845878136237,0.1166666666666666,3.4395663082437276,10.499569846666667,0.2086206896551724,4.562643678160921,1722892190.0977662,1702837075.652821,0.0,0.0,0.9582289570153267,1.0,8.0,1.0,29.0,19.74163512,0.5862068965517241,15.10344827586207,1762942537.1912332,1742896863.9253454,0.0,0.0,0.9582289570153267,0.0,0.0,0.0,0.0,1.057253576,0.20689655172413793,1.9655172413793118
screen_b05_o03_latency_anchor_B1,profile_screening,latency_anchor,fixed_rate_latency_reference,5,3,B1,aa578e7a127f69f847c6521bb897f1a84aeabb89d08312e10ffe4157512deae1,qualification.application.v1,measurement.messaging.reproducible.v1,True,40,40,120,4096,32768,1,1000000,1048576,1,1,8388608,15,30,60,True,10,285370.6866266942,True,True,valid,True,True,True,True,eligible,True,1108.8002430830197,1109.208984375,1108.8002430830197,283852.86222925305,283957.5,283852.86222925305,0.49443060351277124,messages_attempted,8561161,0.16054426599293947,0,0.0,143.0,249.0,325.0,444.0,151.17846803544012,783.039076,856120,856120,0,0,2.979,5.852,0,0,0,0,0,0,False,,1078.4281307674162,1292.5762583678995,1.097581487146453,0.904820808518676,1.097581487146453,/mnt/vast-nhr/projects/nhr_ni_starter_27971/messaging-benchmark-29ffcb4/results/workflows/kafka/kafka_reproducible_standard96s_20260814T163308Z/selected-results/v2/screen_b05_o03_latency_anchor_B1/final_report.json,30,6.6582568,6.839389,10.796772766113282,10.813980102539062,1175.8500246517783,1181.755479932495,1178.3428250739173,1184.0651635285149,20.621023,1183662751.5482702,1169549895.1684878,0.0,0.0,0.940533256770352,0.3449390681003584,0.9419605734767026,0.06955913978494603,3.170870967741935,5.819417099733333,0.2597701149425287,4.219540229885058,1716771143.256669,1702459797.3372264,0.0,0.0,0.9428927748874864,2.8499999999999943,7.0,1.0,29.0,10.408648072,0.6896551724137931,13.586206896551724,1756108518.1367984,1741922874.0623708,0.0,0.0,0.9386803291673365,0.0,0.0,0.0,0.0,7.691946312,0.3793103448275862,2.724137931034483
screen_b05_o04_latency_anchor_B5,profile_screening,latency_anchor,fixed_rate_latency_reference,5,4,B5,9ca443bdd30445529ed238228772de19b3f8ac80cde6c00ad8f479f75130c4cc,qualification.application.v1,measurement.messaging.reproducible.v1,True,40,40,120,4096,32768,1,1000000,1048576,1,1,8388608,15,30,60,True,10,285370.6866266942,True,True,valid,True,True,True,True,eligible,True,1107.325387035533,1109.32734375,1107.325387035533,283475.2990810964,283987.8,283475.2990810964,0.48126672598107945,messages_attempted,8561157,0.20068814797559753,0,0.0,146.0,261.0,325.0,409.0,154.00257351514685,629.845489,856119,856119,0,0,3.53,0.773,0,0,0,0,0,0,False,,1078.4281307674162,1292.5762583678995,1.1050986899340942,0.9448790482969798,1.1050986899340942,/mnt/vast-nhr/projects/nhr_ni_starter_27971/messaging-benchmark-29ffcb4/results/workflows/kafka/kafka_reproducible_standard96s_20260814T163308Z/selected-results/v2/screen_b05_o04_latency_anchor_B5/final_report.json,30,7.208818633333333,7.588437,38.21472981770833,41.238304138183594,1172.7323777103072,1188.1032580385,1175.805510321188,1191.87329462393,20.540421,1191769514.4991455,1221328224.8579319,0.0,0.0,0.9589411603963441,0.14068100358422933,0.8005376344086022,0.14711469534050128,16.820121863799283,20.88798837466667,0.17988505747126438,4.167816091954022,1723453212.003607,1752959900.8029506,0.0,0.0,0.9623530333158539,1.0,4.0,1.0,29.0,38.66332792,0.5172413793103449,12.931034482758621,1762731428.5237918,1792617460.3250384,0.0,0.0,0.9623530333158539,0.0,0.0,0.0,0.0,29.704115192,0.10344827586206896,1.2758620689655165
screen_b05_o05_latency_anchor_B4,profile_screening,latency_anchor,fixed_rate_latency_reference,5,5,B4,2451b1c29cb1ca5487bf4a49262288b03958d0f72fe53c5400390816bcbaec5e,qualification.application.v1,measurement.messaging.reproducible.v1,True,40,40,120,4096,32768,1,1000000,1048576,1,1,8388608,15,30,60,True,10,285370.6866266942,True,True,valid,True,True,True,True,eligible,True,1107.3562332790175,1108.8912760416667,1107.3562332790175,283483.1957194285,283876.1666666667,283483.1957194285,0.5203849664332949,messages_attempted,8561162,0.19984634104184806,0,0.0,145.0,258.0,319.0,395.0,151.7827331496017,586.365519,856120,856120,0,0,2.967,0.956,0,0,0,0,0,0,False,,1078.4281307674162,1292.5762583678995,1.0784249078378187,0.8823644870344411,1.0784249078378187,/mnt/vast-nhr/projects/nhr_ni_starter_27971/messaging-benchmark-29ffcb4/results/workflows/kafka/kafka_reproducible_standard96s_20260814T163308Z/selected-results/v2/screen_b05_o05_latency_anchor_B4/final_report.json,30,7.7233433,8.038693,40.07981096903483,41.247833251953125,1175.8443444919967,1188.6919281682005,1179.0613590669682,1191.4391353481456,20.535611,1163003757.5325618,1140523387.1676888,0.0,0.0,0.9559880402242091,0.16129032258064516,0.9922652329749105,0.12903225806451613,3.113114695340502,22.963939668000002,0.19885176393731677,5.20348197056114,1696338614.8888807,1674307766.2025905,0.0,0.0,0.9586876491084224,1.0,5.0,1.0,27.0,40.674149136,0.5517241379310345,15.344827586206897,1735315504.3454742,1713398120.9224515,0.0,0.0,0.9586156911837472,0.0,0.0,0.0,0.0,3.5659772,0.13793103448275862,1.7241379310344842
screen_b05_o06_latency_anchor_B0,profile_screening,latency_anchor,fixed_rate_latency_reference,5,6,B0,d082de4f4d19f320ebcd87ccbeccf71121251cce04eeae0bc2e939b92dacee3d,qualification.application.v1,measurement.messaging.reproducible.v1,True,40,40,120,4096,32768,1,1000000,1048576,1,1,8388608,15,30,60,True,10,285370.6866266942,True,True,valid,True,True,True,True,eligible,True,1107.5029516792329,1107.629296875,1107.5029516792329,283520.7556298836,283553.1,283520.7556298836,0.6354396641856552,messages_attempted,8561159,0.19587941095232964,0,0.0,163.0,375.0,544.0,812.0,192.44481351327036,1793.676968,856120,856120,0,0,2.975,1.925,0,0,0,0,0,0,False,,1078.4281307674162,1292.5762583678995,1.109419126411585,0.9061751924579079,1.109419126411585,/mnt/vast-nhr/projects/nhr_ni_starter_27971/messaging-benchmark-29ffcb4/results/workflows/kafka/kafka_reproducible_standard96s_20260814T163308Z/selected-results/v2/screen_b05_o06_latency_anchor_B0/final_report.json,30,4.833686466666666,4.966985,5.6629689534505205,5.679088592529297,1163.235796139744,1170.5572592721137,1165.0617733025747,1172.1362574385423,20.608213,1196428794.7336655,1171300539.693054,0.0,0.0,0.9431184196892239,0.6726487455197133,0.7280716845878135,0.15068817204301077,3.125913978494623,2.634513613333333,0.33448109416537075,3.011476181644387,1728007056.4859064,1703021358.7578197,0.0,0.0,0.9521775862141872,8.389999999999986,5.0,1.0,23.529999999999944,4.93656,0.7586206896551724,7.9655172413793105,1767545706.4297912,1742264820.1017148,0.0,0.0,0.9340557219524895,0.0,0.0,0.0,0.0,1.56663192,0.6206896551724138,3.7931034482758634
