backend_id,factor,factor_label,unit,config_id,baseline_config_id,baseline_value,tested_value,is_baseline,eligible,qualified,limiting_side,producer_mib_per_sec,delta_producer_mib_per_sec,percent_change_producer_mib_per_sec,consumer_mib_per_sec,delta_consumer_mib_per_sec,percent_change_consumer_mib_per_sec,balanced_mib_per_sec,delta_balanced_mib_per_sec,percent_change_balanced_mib_per_sec,balanced_records_per_sec,delta_balanced_records_per_sec,percent_change_balanced_records_per_sec,throughput_gap_percent,delta_throughput_gap_percent,percent_change_throughput_gap_percent,latency_p50_ms,delta_latency_p50_ms,percent_change_latency_p50_ms,latency_p95_ms,delta_latency_p95_ms,percent_change_latency_p95_ms,latency_p99_ms,delta_latency_p99_ms,percent_change_latency_p99_ms,backlog_percent,delta_backlog_percent,percent_change_backlog_percent,flush_sec,delta_flush_sec,percent_change_flush_sec,failed_send_percent,delta_failed_send_percent,percent_change_failed_send_percent
kafka,producer_ranks,Producer MPI ranks,,cfg_002,cfg_001,40.0,16.0,False,True,True,consumer,681.0843059894218,-1088.6693226769198,-61.515303884265734,680.3354166666667,-1086.7595052083334,-61.49978089774671,680.3354166666667,-1086.7595052083334,-61.49978089774671,174165.86666666667,-278210.43333333335,-61.49978089774671,0.10995545135446234,-0.04027488287264065,-26.808755422028923,42.1,-74.9,-64.01709401709402,68.6,-142.4,-67.48815165876778,73.0,-196.0,-72.86245353159852,0.04773549718966337,-0.2477748930316639,-83.84642341884796,0.012971027055755258,-0.07223130390048027,-84.77620634297216,0.0,0.0,nan
kafka,producer_ranks,Producer MPI ranks,,cfg_003,cfg_001,40.0,24.0,False,True,True,consumer,1029.1031345070066,-740.650494159335,-41.8504859751285,1028.3559895833334,-738.7389322916665,-41.80527730269394,1028.3559895833334,-738.7389322916665,-41.80527730269394,263259.13333333336,-189117.16666666663,-41.80527730269394,0.07260155941815541,-0.07762877480894759,-51.67316920935306,36.0,-81.0,-69.23076923076923,57.6,-153.4,-72.70142180094787,62.6,-206.4,-76.72862453531599,0.04658720285957411,-0.24892318736175315,-84.23500343771944,0.01605672389268875,-0.06914560706354678,-81.15459552281928,0.0,0.0,nan
kafka,producer_ranks,Producer MPI ranks,,cfg_004,cfg_001,40.0,32.0,False,True,True,consumer,1378.2192652455774,-391.5343634207643,-22.123664959840674,1377.9545572916666,-389.1403645833334,-22.021474894536553,1377.9545572916666,-389.1403645833334,-22.021474894536553,352756.36666666664,-99619.93333333335,-22.021474894536553,0.019206519643567902,-0.1310238145835351,-87.215285286836,82.3,-34.7,-29.658119658119663,124.0,-87.0,-41.23222748815166,159.0,-110.0,-40.89219330855018,0.19214173846609925,-0.103368651755228,-34.97970128150431,0.0683096928987652,-0.01689263805747032,-19.82649754752283,0.0,0.0,nan
kafka,producer_ranks,Producer MPI ranks,,cfg_001,cfg_001,40.0,40.0,True,True,True,consumer,1769.7536286663417,0.0,0.0,1767.094921875,0.0,0.0,1767.094921875,0.0,0.0,452376.3,0.0,0.0,0.150230334227103,0.0,0.0,117.0,0.0,0.0,211.0,0.0,0.0,269.0,0.0,0.0,0.29551039022132725,0.0,0.0,0.08520233095623553,0.0,0.0,0.0,0.0,nan
kafka,producer_ranks,Producer MPI ranks,,cfg_005,cfg_001,40.0,48.0,False,True,True,consumer,2152.1773049001617,382.42367623382006,21.608865213742124,2149.7540364583333,382.65911458333335,21.65470059623666,2149.7540364583333,382.65911458333335,21.65470059623666,550337.0333333333,97960.73333333334,21.65470059623666,0.11259613398538532,-0.03763420024171768,-25.050999477126975,138.0,21.0,17.94871794871795,288.0,77.0,36.492890995260666,381.0,112.0,41.63568773234201,0.3926129414612923,0.09710255123996503,32.8592680505205,0.11556743388064206,0.03036510292440653,35.63881713518339,0.0,0.0,nan
kafka,producer_ranks,Producer MPI ranks,,cfg_006,cfg_001,40.0,56.0,False,True,True,consumer,2549.1768382088117,779.42320954247,44.04133981800794,2542.9510416666667,775.8561197916667,43.90574100956807,2542.9510416666667,775.8561197916667,43.90574100956807,650995.4666666667,198619.1666666667,43.90574100956807,0.24422772280166882,0.09399738857456583,62.56884740232962,187.0,70.0,59.82905982905983,458.0,247.0,117.06161137440758,682.0,413.0,153.53159851301115,0.3808029767650426,0.08529258654371535,28.862804614021897,0.18132635415531695,0.09612402319908142,112.81853691122119,0.0,0.0,nan
kafka,producer_ranks,Producer MPI ranks,,cfg_007,cfg_001,40.0,64.0,False,True,True,producer,2698.7427476017588,928.9891189354171,52.49256754656232,2815.0345052083335,1047.9395833333335,59.3029593578031,2698.7427476017588,931.6478257267588,52.72200232108761,690878.1433860502,238501.84338605026,52.72200232108761,4.13109528112048,3.980864946893377,2649.8409707825776,494.0,377.0,322.22222222222223,4940.0,4729.0,2241.2322274881517,9810.0,9541.0,3546.8401486988846,4.571074643732795,4.275564253511468,1446.840583273304,2.9293800918385386,2.844177760882303,3338.145481422597,0.0,0.0,nan
kafka,consumer_ranks,Consumer MPI ranks,,cfg_008,cfg_001,40.0,16.0,False,True,True,consumer,1760.7035682891715,-9.050060377170212,-0.5113740257727396,1760.28671875,-6.808203124999864,-0.3852765938445416,1760.28671875,-6.808203124999864,-0.3852765938445416,450633.4,-1742.899999999965,-0.3852765938445416,0.023675168647293764,-0.12655516557980923,-84.24075352751059,109.0,-8.0,-6.837606837606837,196.0,-15.0,-7.109004739336493,242.0,-27.0,-10.037174721189592,0.3034055207108497,0.00789513048952245,2.671693026972509,0.09048727108165622,0.00528494012542069,6.202811667365435,0.0,0.0,nan
kafka,consumer_ranks,Consumer MPI ranks,,cfg_009,cfg_001,40.0,24.0,False,True,True,consumer,1764.3716480092107,-5.381980657130953,-0.30410903359394315,1760.7350260416667,-6.359895833333212,-0.35990685925264043,1760.7350260416667,-6.359895833333212,-0.35990685925264043,450748.1666666667,-1628.1333333333023,-0.35990685925264043,0.20611428276164429,0.05588394853454129,37.198844575597896,113.0,-4.0,-3.4188034188034186,194.0,-17.0,-8.056872037914692,249.0,-20.0,-7.434944237918216,0.27739398932870374,-0.018116400892623508,-6.130546164232986,0.10619354108348489,0.02099121012724936,24.636896539874677,0.0,0.0,nan
kafka,consumer_ranks,Consumer MPI ranks,,cfg_010,cfg_001,40.0,32.0,False,True,True,consumer,1764.018550542198,-5.7350781241436835,-0.32406082017560534,1761.515234375,-5.579687499999864,-0.31575482623646844,1761.515234375,-5.579687499999864,-0.31575482623646844,450947.9,-1428.399999999965,-0.31575482623646844,0.14190985499718675,-0.008320479229916244,-5.53848147427948,113.0,-4.0,-3.4188034188034186,220.0,9.0,4.265402843601896,277.0,8.0,2.973977695167286,0.30046003090614215,0.004949640684814904,1.6749464142725377,0.09555741585791111,0.010355084901675582,12.153523014522346,0.0,0.0,nan
kafka,consumer_ranks,Consumer MPI ranks,,cfg_001,cfg_001,40.0,40.0,True,True,True,consumer,1769.7536286663417,0.0,0.0,1767.094921875,0.0,0.0,1767.094921875,0.0,0.0,452376.3,0.0,0.0,0.150230334227103,0.0,0.0,117.0,0.0,0.0,211.0,0.0,0.0,269.0,0.0,0.0,0.29551039022132725,0.0,0.0,0.08520233095623553,0.0,0.0,0.0,0.0,nan
kafka,consumer_ranks,Consumer MPI ranks,,cfg_011,cfg_001,40.0,48.0,False,True,True,consumer,1763.384981920094,-6.3686467462475775,-0.3598606406614286,1759.290625,-7.804296874999864,-0.4416455946078442,1759.290625,-7.804296874999864,-0.4416455946078442,450378.4,-1997.899999999965,-0.4416455946078442,0.23218735341818547,0.08195701919108248,54.55424140053376,117.0,0.0,0.0,224.0,13.0,6.161137440758294,295.0,26.0,9.66542750929368,0.27889587717889475,-0.0166145130424325,-5.622310954951125,0.08304700185544789,-0.0021553291007876396,-2.5296597834802568,0.0,0.0,nan
kafka,consumer_ranks,Consumer MPI ranks,,cfg_012,cfg_001,40.0,56.0,False,True,True,consumer,1761.2696595533916,-8.483969112950035,-0.4793870161093225,1760.3420572916666,-6.7528645833333485,-0.38214498269103336,1760.3420572916666,-6.7528645833333485,-0.38214498269103336,450647.56666666665,-1728.7333333333372,-0.38214498269103336,0.05266668035150595,-0.09756365387559704,-64.94271238730667,118.0,1.0,0.8547008547008547,211.0,0.0,0.0,266.0,-3.0,-1.1152416356877324,0.3061594726178525,0.010649082396525233,3.6036236792044547,0.09864056296646595,0.013438232010230422,15.77214127760544,0.0,0.0,nan
kafka,consumer_ranks,Consumer MPI ranks,,cfg_013,cfg_001,40.0,64.0,False,True,True,consumer,1763.867565392206,-5.886063274135722,-0.33259224215131944,1760.21640625,-6.878515624999864,-0.3892555821337159,1760.21640625,-6.878515624999864,-0.3892555821337159,450615.4,-1760.899999999965,-0.3892555821337159,0.20699735137960962,0.05676701715250662,37.78665436947773,121.0,4.0,3.4188034188034186,210.0,-1.0,-0.47393364928909953,259.0,-10.0,-3.717472118959108,0.3168722725830291,0.021361882361701834,7.228809229246563,0.08511566882953048,-8.666212670505047e-05,-0.10171332841769877,0.0,0.0,nan
kafka,partitions,Topic partitions,,cfg_014,cfg_001,120.0,60.0,False,True,True,consumer,1820.0544436537707,50.30081498742902,2.8422495748933665,1813.8889322916666,46.79401041666665,2.6480756544201505,1813.8889322916666,46.79401041666665,2.6480756544201505,464355.56666666665,11979.266666666663,2.6480756544201505,0.3387542270288792,0.1885238928017762,125.48989774381043,45.1,-71.9,-61.45299145299146,121.0,-90.0,-42.654028436018955,188.0,-81.0,-30.111524163568774,0.05660391118226459,-0.23890647903906265,-80.84537361279574,0.01852428400889039,-0.06667804694734514,-78.25847743718954,0.0,0.0,nan
kafka,partitions,Topic partitions,,cfg_015,cfg_001,120.0,90.0,False,True,True,consumer,1779.720286649099,9.966657982757397,0.5631664103589443,1779.1229166666667,12.027994791666742,0.6806648948379228,1779.1229166666667,12.027994791666742,0.6806648948379228,455455.4666666667,3079.166666666686,0.6806648948379228,0.033565385915621936,-0.11666494831148105,-77.65738451671072,103.0,-14.0,-11.965811965811966,210.0,-1.0,-0.47393364928909953,275.0,6.0,2.2304832713754648,0.2579476156022452,-0.03756277461908203,-12.711151912780052,0.08681567199528217,0.0016133410390466452,1.893540964126138,0.0,0.0,nan
kafka,partitions,Topic partitions,,cfg_001,cfg_001,120.0,120.0,True,True,True,consumer,1769.7536286663417,0.0,0.0,1767.094921875,0.0,0.0,1767.094921875,0.0,0.0,452376.3,0.0,0.0,0.150230334227103,0.0,0.0,117.0,0.0,0.0,211.0,0.0,0.0,269.0,0.0,0.0,0.29551039022132725,0.0,0.0,0.08520233095623553,0.0,0.0,0.0,0.0,nan
kafka,partitions,Topic partitions,,cfg_016,cfg_001,120.0,180.0,False,True,True,consumer,1744.7863279241435,-24.967300742198177,-1.410778333084314,1743.7177083333333,-23.377213541666606,-1.322917815691638,1743.7177083333333,-23.377213541666606,-1.322917815691638,446391.73333333334,-5984.566666666651,-1.322917815691638,0.06124644454782875,-0.08898388967927424,-59.231639293804285,128.0,11.0,9.401709401709402,245.0,34.0,16.113744075829384,311.0,42.0,15.613382899628252,0.36577608970375075,0.0702656994824235,23.777742444114025,0.10469273198395967,0.019490401027724147,22.875431703547477,0.0,0.0,nan
kafka,partitions,Topic partitions,,cfg_017,cfg_001,120.0,240.0,False,True,True,consumer,1735.630841159534,-34.122787506807754,-1.9281094811215134,1732.8779947916667,-34.2169270833333,-1.9363378084425125,1732.8779947916667,-34.2169270833333,-1.9363378084425125,443616.76666666666,-8759.533333333326,-1.9363378084425125,0.15860782734352463,0.008377493116421636,5.576432455882972,139.0,22.0,18.803418803418804,284.0,73.0,34.59715639810427,392.0,123.0,45.72490706319702,0.4038717220966774,0.10836133187535013,36.669212136396006,0.11609098198823631,0.03088865103200078,36.25329340797829,0.0,0.0,nan
kafka,batch_size,Producer batch size,bytes,cfg_018,cfg_001,1048576.0,262144.0,False,True,True,consumer,1762.6705441730883,-7.083084493253409,-0.4002299743038871,1758.658984375,-8.435937499999909,-0.47739017273892925,1758.658984375,-8.435937499999909,-0.47739017273892925,450216.7,-2159.5999999999767,-0.47739017273892925,0.22758420802737978,0.07735387380027678,51.4901828570394,115.0,-2.0,-1.7094017094017093,212.0,1.0,0.47393364928909953,259.0,-10.0,-3.717472118959108,0.2549791915098916,-0.04053119871143562,-13.715659432847398,0.10041828802786767,0.015215957071632147,17.85861595670179,0.0,0.0,nan
kafka,batch_size,Producer batch size,bytes,cfg_019,cfg_001,1048576.0,524288.0,False,True,True,consumer,1768.5323626879413,-1.2212659784004245,-0.06900768325141117,1766.5333333333333,-0.5615885416666515,-0.031780326835570916,1766.5333333333333,-0.5615885416666515,-0.031780326835570916,452232.5333333333,-143.7666666666628,-0.031780326835570916,0.11303323573732564,-0.037197098489777355,-24.76004508752976,116.0,-1.0,-0.8547008547008547,214.0,3.0,1.4218009478672986,270.0,1.0,0.37174721189591076,0.31551558129321383,0.020005191071886586,6.769708184170234,0.09000245993956923,0.004800128983333707,5.633800072675605,0.0,0.0,nan
kafka,batch_size,Producer batch size,bytes,cfg_001,cfg_001,1048576.0,1048576.0,True,True,True,consumer,1769.7536286663417,0.0,0.0,1767.094921875,0.0,0.0,1767.094921875,0.0,0.0,452376.3,0.0,0.0,0.150230334227103,0.0,0.0,117.0,0.0,0.0,211.0,0.0,0.0,269.0,0.0,0.0,0.29551039022132725,0.0,0.0,0.08520233095623553,0.0,0.0,0.0,0.0,nan
kafka,batch_size,Producer batch size,bytes,cfg_020,cfg_001,1048576.0,2097152.0,False,True,True,consumer,1766.8537033663958,-2.899925299945835,-0.16386039576204586,1765.7986979166667,-1.2962239583332575,-0.07335338596060711,1765.7986979166667,-1.2962239583332575,-0.07335338596060711,452044.4666666667,-331.83333333331393,-0.07335338596060711,0.05971096801727521,-0.09051936620982778,-60.25372084507898,115.0,-2.0,-1.7094017094017093,205.0,-6.0,-2.843601895734597,252.0,-17.0,-6.319702602230484,0.31950907419729496,0.023998683975967716,8.121096506283084,0.09297510306350887,0.00777277210727334,9.122722371604894,0.0,0.0,nan
kafka,batch_size,Producer batch size,bytes,cfg_021,cfg_001,1048576.0,4194304.0,False,True,True,consumer,1761.7221516463549,-8.031477019986824,-0.45381893218883906,1760.5772135416667,-6.517708333333303,-0.3688374774127923,1760.5772135416667,-6.517708333333303,-0.3688374774127923,450707.76666666666,-1668.5333333333256,-0.3688374774127923,0.06498970928067442,-0.08524062494642858,-56.73995560548406,114.0,-3.0,-2.5641025641025643,218.0,7.0,3.3175355450236967,274.0,5.0,1.858736059479554,0.29264935245161783,-0.002861037769709418,-0.9681682486922365,0.10183101496659219,0.016628684010356665,19.516700803523843,0.0,0.0,nan
kafka,linger_ms,Producer linger,ms,cfg_022,cfg_001,20.0,0.0,False,True,True,producer,1767.890961690918,-1.8626669754237355,-0.10525007239721904,1767.9641927083333,0.869270833333303,0.049192084849123525,1767.890961690918,0.7960398159179931,0.04504793749694806,452580.086192875,203.78619287500624,0.04504793749694806,0.004142109762026784,-0.14608822446507622,-97.24282730026736,152.0,35.0,29.914529914529915,310.0,99.0,46.91943127962085,388.0,119.0,44.237918215613384,0.46312901965235426,0.167618629431027,56.72173804294542,0.15410434105433524,0.06890201009809971,80.86869141349133,0.0,0.0,nan
kafka,linger_ms,Producer linger,ms,cfg_023,cfg_001,20.0,5.0,False,True,True,consumer,1759.5541482970893,-10.199480369252342,-0.5763220486762617,1757.1583333333333,-9.936588541666652,-0.5623120987254776,1757.1583333333333,-9.936588541666652,-0.5623120987254776,449832.5333333333,-2543.766666666663,-0.5623120987254776,0.13616034300932012,-0.014069991217782879,-9.365612670816063,150.0,33.0,28.205128205128204,283.0,72.0,34.12322274881517,349.0,80.0,29.739776951672862,0.4100278848729943,0.11451749465166705,38.75244270291049,0.12899626605212688,0.043793935095891356,51.399926040035524,0.0,0.0,nan
kafka,linger_ms,Producer linger,ms,cfg_024,cfg_001,20.0,10.0,False,True,True,consumer,1764.6181184647069,-5.1355102016348155,-0.2901822105885357,1763.380859375,-3.7140624999999545,-0.21017900363038214,1763.380859375,-3.7140624999999545,-0.21017900363038214,451425.5,-950.7999999999884,-0.21017900363038214,0.07011483542871791,-0.08011549879838509,-53.32844342692774,135.0,18.0,15.384615384615385,246.0,35.0,16.587677725118482,304.0,35.0,13.011152416356877,0.4037859063004728,0.10827551607914554,36.640172278900536,0.11824373505078256,0.03304140409454703,38.779929755112995,0.0,0.0,nan
kafka,linger_ms,Producer linger,ms,cfg_001,cfg_001,20.0,20.0,True,True,True,consumer,1769.7536286663417,0.0,0.0,1767.094921875,0.0,0.0,1767.094921875,0.0,0.0,452376.3,0.0,0.0,0.150230334227103,0.0,0.0,117.0,0.0,0.0,211.0,0.0,0.0,269.0,0.0,0.0,0.29551039022132725,0.0,0.0,0.08520233095623553,0.0,0.0,0.0,0.0,nan
kafka,linger_ms,Producer linger,ms,cfg_025,cfg_001,20.0,40.0,False,True,True,producer,1795.431158464588,25.67752979824627,1.4509098544748542,1795.9890625,28.89414062500009,1.635121026455193,1795.431158464588,28.336236589587998,1.6035492060336776,459630.3765669345,7254.076566934527,1.6035492060336776,0.031063888253055182,-0.11916644597404781,-79.32249274897043,65.1,-51.900000000000006,-44.358974358974365,160.0,-51.0,-24.170616113744074,214.0,-55.0,-20.44609665427509,0.15876212853677096,-0.13674826168455628,-46.27528039949339,0.07317637116648257,-0.01202595978975296,-14.114590123045033,0.0,0.0,nan
kafka,linger_ms,Producer linger,ms,cfg_026,cfg_001,20.0,80.0,False,True,True,consumer,1854.0796768869093,84.3260482205676,4.764846747855767,1851.1821614583334,84.08723958333348,4.758501569010882,1851.1821614583334,84.08723958333348,4.758501569010882,473902.63333333336,21526.333333333372,4.758501569010882,0.15627782692925657,0.006047492702153573,4.025480428614095,73.9,-43.099999999999994,-36.83760683760683,145.0,-66.0,-31.27962085308057,185.0,-84.0,-31.226765799256505,0.15995333350627608,-0.13555705671505117,-45.87217952422029,0.04962383513338864,-0.03557849582284689,-41.75765548142328,0.0,0.0,nan
kafka,payload_size_bytes,Payload size,bytes,cfg_027,cfg_001,4096.0,1024.0,False,True,True,producer,613.3331690151235,-1156.4204596512182,-65.3435846052017,613.8009440104166,-1153.2939778645832,-65.26497040922199,613.3331690151235,-1153.7617528598764,-65.29144182224586,628053.1650714865,175676.8650714865,38.83423271101658,0.0762095594439424,-0.07402077478316059,-49.27152373319191,199.0,82.0,70.08547008547009,257.0,46.0,21.80094786729858,277.0,8.0,2.973977695167286,0.3360775122195363,0.040567121998209055,13.72781578604585,0.1523425851482898,0.06714025419205427,78.8009593617117,0.0,0.0,nan
kafka,payload_size_bytes,Payload size,bytes,cfg_028,cfg_001,4096.0,2048.0,False,True,True,consumer,1070.4373378108783,-699.3162908554634,-39.514895154217434,1069.8559895833334,-697.2389322916665,-39.45678999246129,1069.8559895833334,-697.2389322916665,-39.45678999246129,547766.2666666667,95389.96666666673,21.086420015077433,0.05430941233175979,-0.09592092189534321,-63.849236832782175,137.0,20.0,17.094017094017094,172.0,-39.0,-18.48341232227488,189.0,-80.0,-29.739776951672862,0.37105691821323694,0.0755465279919097,25.564762015754475,0.1180648289155215,0.032862497959285975,38.56995177299305,0.0,0.0,nan
kafka,payload_size_bytes,Payload size,bytes,cfg_001,cfg_001,4096.0,4096.0,True,True,True,consumer,1769.7536286663417,0.0,0.0,1767.094921875,0.0,0.0,1767.094921875,0.0,0.0,452376.3,0.0,0.0,0.150230334227103,0.0,0.0,117.0,0.0,0.0,211.0,0.0,0.0,269.0,0.0,0.0,0.29551039022132725,0.0,0.0,0.08520233095623553,0.0,0.0,0.0,0.0,nan
kafka,payload_size_bytes,Payload size,bytes,cfg_029,cfg_001,4096.0,8192.0,False,True,True,producer,2546.7765927910023,777.0229641246606,43.90571385409238,2567.8143229166667,800.7194010416667,45.312755479601094,2546.7765927910023,779.6816709160023,44.12222916065598,325987.4038772483,-126388.8961227517,-27.93888541967201,0.8192854887486029,0.6690551545214999,445.35290290314475,811.0,694.0,593.1623931623932,7340.0,7129.0,3378.6729857819905,11100.0,10831.0,4026.3940520446095,2.5374371129688345,2.241926722747507,758.6625705676136,1.184744639787823,1.0995423088315874,1290.5073094729898,0.0,0.0,nan
kafka,payload_size_bytes,Payload size,bytes,cfg_030,cfg_001,4096.0,16384.0,False,True,False,producer,2621.4172239738177,851.663595307476,48.12328572250343,2640.5583333333334,873.4634114583334,49.42934307861251,2621.4172239738177,854.3223020988178,48.34614663440533,167770.70233432433,-284605.5976656757,-62.913463341398675,0.7248887145527556,0.5746583803256526,382.518206647229,4100.0,3983.0,3404.2735042735044,14700.0,14489.0,6866.824644549763,19100.0,18831.0,7000.371747211896,22.1507679345132,21.855257544291874,7395.766195538175,8.918218369130045,8.83301603817381,10367.106086230104,0.01081155746304507,0.01081155746304507,nan
kafka,producer_queue_messages,Producer queue messages,,cfg_031,cfg_001,1000000.0,500000.0,False,True,True,consumer,1745.9696163389817,-23.78401232735996,-1.3439165735901453,1745.4346354166667,-21.660286458333303,-1.2257568164674688,1745.4346354166667,-21.660286458333303,-1.2257568164674688,446831.26666666666,-5545.033333333326,-1.2257568164674688,0.030640906766570237,-0.11958942746053276,-79.60404806112565,104.0,-13.0,-11.11111111111111,169.0,-42.0,-19.90521327014218,221.0,-48.0,-17.843866171003718,0.32625407743274154,0.030743687211414295,10.403589257348385,0.1024562488310039,0.017253917874768376,20.250523291001173,0.0,0.0,nan
kafka,producer_queue_messages,Producer queue messages,,cfg_001,cfg_001,1000000.0,1000000.0,True,True,True,consumer,1769.7536286663417,0.0,0.0,1767.094921875,0.0,0.0,1767.094921875,0.0,0.0,452376.3,0.0,0.0,0.150230334227103,0.0,0.0,117.0,0.0,0.0,211.0,0.0,0.0,269.0,0.0,0.0,0.29551039022132725,0.0,0.0,0.08520233095623553,0.0,0.0,0.0,0.0,nan
kafka,producer_queue_messages,Producer queue messages,,cfg_032,cfg_001,1000000.0,2000000.0,False,True,True,consumer,1750.1432186838258,-19.610409982515876,-1.1080870051552865,1749.8479166666666,-17.24700520833335,-0.9760089848502977,1749.8479166666666,-17.24700520833335,-0.9760089848502977,447961.06666666665,-4415.233333333337,-0.9760089848502977,0.01687302010525058,-0.13335731412185242,-88.76856648688296,106.0,-11.0,-9.401709401709402,172.0,-39.0,-18.48341232227488,220.0,-49.0,-18.21561338289963,0.3271708374461369,0.03166044722480965,10.713818624481208,0.10541780199855566,0.020215471042320132,23.726429565294264,0.0,0.0,nan
kafka,producer_queue_kbytes,Producer queue capacity,KiB,cfg_033,cfg_001,1048576.0,524288.0,False,True,True,consumer,1752.6194482058877,-17.13418046045399,-0.9681675563714502,1752.3950520833334,-14.699869791666515,-0.8318664498265333,1752.3950520833334,-14.699869791666515,-0.8318664498265333,448613.13333333336,-3763.166666666628,-0.8318664498265333,0.012803470986468973,-0.13742686324063402,-91.47743959145163,106.0,-11.0,-9.401709401709402,174.0,-37.0,-17.53554502369668,231.0,-38.0,-14.12639405204461,0.3155857998014012,0.020075409580073977,6.793469957194458,0.10358152398839593,0.0183791930321604,21.5712326480844,0.0,0.0,nan
kafka,producer_queue_kbytes,Producer queue capacity,KiB,cfg_001,cfg_001,1048576.0,1048576.0,True,True,True,consumer,1769.7536286663417,0.0,0.0,1767.094921875,0.0,0.0,1767.094921875,0.0,0.0,452376.3,0.0,0.0,0.150230334227103,0.0,0.0,117.0,0.0,0.0,211.0,0.0,0.0,269.0,0.0,0.0,0.29551039022132725,0.0,0.0,0.08520233095623553,0.0,0.0,0.0,0.0,nan
kafka,producer_queue_kbytes,Producer queue capacity,KiB,cfg_034,cfg_001,1048576.0,2097152.0,False,True,True,producer,1743.305768417138,-26.447860249203586,-1.4944374076031293,1743.971875,-23.123046875,-1.3085345098759595,1743.305768417138,-23.789153457861858,-1.3462295184811042,446286.27671478735,-6090.0232852126355,-1.3462295184811042,0.03819480075398908,-0.11203553347311392,-74.57583985917914,103.0,-14.0,-11.965811965811966,170.0,-41.0,-19.43127962085308,220.0,-49.0,-18.21561338289963,0.2786037320173701,-0.016906658203957148,-5.721172169714451,0.10763084655627608,0.022428515600040555,26.323828642154215,0.0,0.0,nan
kafka,consumer_fetch_min_bytes,Consumer fetch minimum,bytes,cfg_035,cfg_001,1048576.0,262144.0,False,True,True,producer,1754.1132674586668,-15.640361207674914,-0.883759239384142,1754.4971354166667,-12.597786458333303,-0.7129094369738922,1754.1132674586668,-12.981654416333186,-0.7346325460863656,449052.9964694187,-3323.3035305812955,-0.7346325460863656,0.02187908718977302,-0.12835124703732997,-85.43630532253331,95.9,-21.099999999999994,-18.03418803418803,172.0,-39.0,-18.48341232227488,251.0,-18.0,-6.691449814126394,0.3240702765189139,0.028559886297586656,9.664596319674672,0.10759046720340848,0.02238813624717295,26.276436332091308,0.0,0.0,nan
kafka,consumer_fetch_min_bytes,Consumer fetch minimum,bytes,cfg_001,cfg_001,1048576.0,1048576.0,True,True,True,consumer,1769.7536286663417,0.0,0.0,1767.094921875,0.0,0.0,1767.094921875,0.0,0.0,452376.3,0.0,0.0,0.150230334227103,0.0,0.0,117.0,0.0,0.0,211.0,0.0,0.0,269.0,0.0,0.0,0.29551039022132725,0.0,0.0,0.08520233095623553,0.0,0.0,0.0,0.0,nan
kafka,consumer_fetch_min_bytes,Consumer fetch minimum,bytes,cfg_036,cfg_001,1048576.0,2097152.0,False,True,True,consumer,1748.5052050549195,-21.24842361142214,-1.2006430311678251,1747.471484375,-19.62343749999991,-1.1104914205275513,1747.471484375,-19.62343749999991,-1.1104914205275513,447352.7,-5023.599999999977,-1.1104914205275513,0.05912025179742195,-0.09111008242968105,-60.646927864748044,119.0,2.0,1.7094017094017093,185.0,-26.0,-12.322274881516588,234.0,-35.0,-13.011152416356877,0.3214473650718451,0.02593697485051788,8.777009441560402,0.10444867424666882,0.019246343290433288,22.588986796991783,0.0,0.0,nan
kafka,consumer_fetch_min_bytes,Consumer fetch minimum,bytes,cfg_037,cfg_001,1048576.0,4194304.0,False,True,True,consumer,1743.3067349500636,-26.446893716278055,-1.4943827936212801,1741.6809895833333,-25.413932291666697,-1.4381758431347254,1741.6809895833333,-25.413932291666697,-1.4381758431347254,445870.3333333333,-6505.966666666674,-1.4381758431347254,0.093256415187138,-0.056973919039965,-37.92437747881038,132.0,15.0,12.820512820512821,194.0,-17.0,-8.056872037914692,236.0,-33.0,-12.267657992565056,0.3211595590346415,0.02564916881331425,8.679616575953181,0.1089270100928843,0.023724679136648774,27.845105727019416,0.0,0.0,nan
kafka,consumer_fetch_min_bytes,Consumer fetch minimum,bytes,cfg_038,cfg_001,1048576.0,8388608.0,False,True,True,consumer,1740.4692734388616,-29.28435522748009,-1.6547136704869094,1738.49296875,-28.60195312499991,-1.618586119564614,1738.49296875,-28.60195312499991,-1.618586119564614,445054.2,-7322.099999999977,-1.618586119564614,0.11355010507923047,-0.03668022914787253,-24.415993838117323,131.0,14.0,11.965811965811966,193.0,-18.0,-8.530805687203792,235.0,-34.0,-12.639405204460967,0.28991657377909724,-0.005593816442230004,-1.8929339296802477,0.1040185852907598,0.018816254334524274,22.084201363210717,0.0,0.0,nan
kafka,consumer_fetch_wait_max_ms,Consumer fetch wait,ms,cfg_039,cfg_001,50.0,10.0,False,False,False,producer,1741.0309530901213,-28.722675576220354,-1.6229759391913385,1741.2518229166667,-25.843098958333258,-1.4624624086923461,1741.0309530901213,-26.063968784878625,-1.4749614444719867,445703.92399107106,-6672.376008928928,-1.4749614444719867,0.012684542444607573,-0.13754579178249543,-91.5566037246297,97.6,-19.400000000000006,-16.581196581196586,153.0,-58.0,-27.488151658767773,195.0,-74.0,-27.509293680297397,0.3123698784900326,0.01685948826870537,5.705209977922666,0.1045332970097661,0.019330966053530574,22.688306571635923,0.0,0.0,nan
kafka,consumer_fetch_wait_max_ms,Consumer fetch wait,ms,cfg_040,cfg_001,50.0,25.0,False,True,True,consumer,1745.3816557348716,-24.371972931470054,-1.377139311184031,1744.87109375,-22.223828124999955,-1.2576476707555166,1744.87109375,-22.223828124999955,-1.2576476707555166,446687.0,-5689.299999999988,-1.2576476707555166,0.02925216861275323,-0.12097816561434976,-80.52845401479786,104.0,-13.0,-11.11111111111111,170.0,-41.0,-19.43127962085308,219.0,-50.0,-18.587360594795538,0.33636403171472656,0.04085364149339932,13.824773288953166,0.1057171612046659,0.02051483024843037,24.07778052336137,0.0,0.0,nan
kafka,consumer_fetch_wait_max_ms,Consumer fetch wait,ms,cfg_001,cfg_001,50.0,50.0,True,True,True,consumer,1769.7536286663417,0.0,0.0,1767.094921875,0.0,0.0,1767.094921875,0.0,0.0,452376.3,0.0,0.0,0.150230334227103,0.0,0.0,117.0,0.0,0.0,211.0,0.0,0.0,269.0,0.0,0.0,0.29551039022132725,0.0,0.0,0.08520233095623553,0.0,0.0,0.0,0.0,nan
kafka,consumer_fetch_wait_max_ms,Consumer fetch wait,ms,cfg_041,cfg_001,50.0,100.0,False,True,True,consumer,1744.8826803822758,-24.87094828406589,-1.405333933560472,1744.5259114583334,-22.569010416666515,-1.2771815558566237,1744.5259114583334,-22.569010416666515,-1.2771815558566237,446598.63333333336,-5777.666666666628,-1.2771815558566237,0.020446585203321065,-0.12978374902378192,-86.3898424319472,104.0,-13.0,-11.11111111111111,166.0,-45.0,-21.327014218009477,211.0,-58.0,-21.561338289962826,0.31783754454321617,0.02232715432188892,7.555454921624461,0.10250939568504691,0.017307064728811383,20.312900521115104,0.0,0.0,nan
kafka,consumer_fetch_message_max_bytes,Consumer fetch maximum,bytes,cfg_042,cfg_001,8388608.0,4194304.0,False,True,True,consumer,1746.357653128611,-23.395975537730692,-1.3219905391781301,1745.8,-21.294921875,-1.2050808143574276,1745.8,-21.294921875,-1.2050808143574276,446924.8,-5451.5,-1.2050808143574276,0.03193235518577752,-0.11829797904132547,-78.74440248698015,104.0,-13.0,-11.11111111111111,165.0,-46.0,-21.80094786729858,213.0,-56.0,-20.817843866171003,0.346096700094078,0.050586309872750757,17.118284685307792,0.1075156731531024,0.02231334219686687,26.18865228972221,0.0,0.0,nan
kafka,consumer_fetch_message_max_bytes,Consumer fetch maximum,bytes,cfg_001,cfg_001,8388608.0,8388608.0,True,True,True,consumer,1769.7536286663417,0.0,0.0,1767.094921875,0.0,0.0,1767.094921875,0.0,0.0,452376.3,0.0,0.0,0.150230334227103,0.0,0.0,117.0,0.0,0.0,211.0,0.0,0.0,269.0,0.0,0.0,0.29551039022132725,0.0,0.0,0.08520233095623553,0.0,0.0,0.0,0.0,nan
kafka,consumer_fetch_message_max_bytes,Consumer fetch maximum,bytes,cfg_043,cfg_001,8388608.0,16777216.0,False,True,True,consumer,1747.311438397604,-22.442190268737704,-1.2680968641748052,1747.24765625,-19.847265624999864,-1.1231578665814201,1747.24765625,-19.847265624999864,-1.1231578665814201,447295.4,-5080.899999999965,-1.1231578665814201,0.003650302184387936,-0.14658003204271505,-97.57019632342042,102.0,-15.0,-12.820512820512821,179.0,-32.0,-15.165876777251185,242.0,-27.0,-10.037174721189592,0.27706946212602845,-0.018440928095298792,-6.240365383256799,0.09686715062707663,0.011664819670841098,13.690728340322957,0.0,0.0,nan
kafka,consumer_fetch_message_max_bytes,Consumer fetch maximum,bytes,cfg_044,cfg_001,8388608.0,33554432.0,False,True,True,consumer,1742.4694590562985,-27.284169610043136,-1.5416931016891913,1742.4076822916666,-24.687239583333394,-1.3970522623164274,1742.4076822916666,-24.687239583333394,-1.3970522623164274,446056.36666666664,-6319.933333333349,-1.3970522623164274,0.003545357097130633,-0.14668497712997236,-97.6400524465511,103.0,-14.0,-11.965811965811966,168.0,-43.0,-20.379146919431278,218.0,-51.0,-18.95910780669145,0.3069995479934857,0.011489157772158476,3.8879031507330373,0.1050093681551516,0.019807037198916078,23.247060234877882,0.0,0.0,nan
