backend_id,factor,factor_label,unit,tested_values,baseline_value,best_qualified_throughput_value,best_qualified_throughput_config,best_qualified_throughput_mib_per_sec,throughput_change_percent_from_baseline,p99_change_ms_from_baseline,backlog_change_points_from_baseline,flush_change_sec_from_baseline,best_qualified_records_value,best_qualified_records_per_sec,lowest_qualified_p99_value,lowest_qualified_p99_ms,evidence_level,guidance
kafka,producer_ranks,Producer MPI ranks,,16;24;32;40;48;56;64,40.0,64.0,cfg_007,2698.7427476017588,52.72200232108761,9541.0,4.275564253511468,2.844177760882303,64.0,690878.1433860502,24.0,62.6,single-run controlled screening contrast,Prioritize 64 for throughput confirmation; its single-run qualified contrast was +52.7%.
kafka,consumer_ranks,Consumer MPI ranks,,16;24;32;40;48;56;64,40.0,40.0,cfg_001,1767.094921875,0.0,0.0,0.0,0.0,40.0,452376.3,16.0,242.0,single-run controlled screening contrast,Retain the baseline pending repeats; no qualified one-factor level exceeded its byte throughput.
kafka,partitions,Topic partitions,,60;90;120;180;240,120.0,60.0,cfg_014,1813.8889322916666,2.6480756544201505,-81.0,-0.23890647903906265,-0.06667804694734514,60.0,464355.56666666665,60.0,188.0,single-run controlled screening contrast,"The best qualified controlled level was 60, but the +2.6% contrast is too small for a tuning claim without repeats."
kafka,batch_size,Producer batch size,bytes,256 KiB;512 KiB;1 MiB;2 MiB;4 MiB,1048576.0,1048576.0,cfg_001,1767.094921875,0.0,0.0,0.0,0.0,1048576.0,452376.3,2097152.0,252.0,single-run controlled screening contrast,Retain the baseline pending repeats; no qualified one-factor level exceeded its byte throughput.
kafka,linger_ms,Producer linger,ms,0 ms;5 ms;10 ms;20 ms;40 ms;80 ms,20.0,80.0,cfg_026,1851.1821614583334,4.758501569010882,-84.0,-0.13555705671505117,-0.03557849582284689,80.0,473902.63333333336,80.0,185.0,single-run controlled screening contrast,Prioritize 80 ms for throughput confirmation; its single-run qualified contrast was +4.8%.
kafka,payload_size_bytes,Payload size,bytes,1 KiB;2 KiB;4 KiB;8 KiB;16 KiB,4096.0,8192.0,cfg_029,2546.7765927910023,44.12222916065598,10831.0,2.241926722747507,1.0995423088315874,1024.0,628053.1650714865,2048.0,189.0,single-run controlled screening contrast,Prioritize 8 KiB for throughput confirmation; its single-run qualified contrast was +44.1%.
kafka,producer_queue_messages,Producer queue messages,,500000;1e+06;2e+06,1000000.0,1000000.0,cfg_001,1767.094921875,0.0,0.0,0.0,0.0,1000000.0,452376.3,2000000.0,220.0,single-run controlled screening contrast,Retain the baseline pending repeats; no qualified one-factor level exceeded its byte throughput.
kafka,producer_queue_kbytes,Producer queue capacity,KiB,512 MiB;1024 MiB;2048 MiB,1048576.0,1048576.0,cfg_001,1767.094921875,0.0,0.0,0.0,0.0,1048576.0,452376.3,2097152.0,220.0,single-run controlled screening contrast,Retain the baseline pending repeats; no qualified one-factor level exceeded its byte throughput.
kafka,consumer_fetch_min_bytes,Consumer fetch minimum,bytes,256 KiB;1 MiB;2 MiB;4 MiB;8 MiB,1048576.0,1048576.0,cfg_001,1767.094921875,0.0,0.0,0.0,0.0,1048576.0,452376.3,2097152.0,234.0,single-run controlled screening contrast,Retain the baseline pending repeats; no qualified one-factor level exceeded its byte throughput.
kafka,consumer_fetch_wait_max_ms,Consumer fetch wait,ms,10 ms;25 ms;50 ms;100 ms,50.0,50.0,cfg_001,1767.094921875,0.0,0.0,0.0,0.0,50.0,452376.3,100.0,211.0,single-run controlled screening contrast,Retain the baseline pending repeats; no qualified one-factor level exceeded its byte throughput.
kafka,consumer_fetch_message_max_bytes,Consumer fetch maximum,bytes,4 MiB;8 MiB;16 MiB;32 MiB,8388608.0,8388608.0,cfg_001,1767.094921875,0.0,0.0,0.0,0.0,8388608.0,452376.3,4194304.0,213.0,single-run controlled screening contrast,Retain the baseline pending repeats; no qualified one-factor level exceeded its byte throughput.
