backend_id,task,target,factor,factor_label,importance,importance_unit,baseline_score,permuted_score,method
kafka,regression,balanced_mib_per_sec,payload_size_bytes,Payload size,413.2874081403032,MAE increase in target units,200.8198710840032,614.1072792243065,held-out grouped permutation over 5x5-fold predictions
kafka,regression,balanced_mib_per_sec,producer_ranks,Producer MPI ranks,375.2810308816132,MAE increase in target units,200.8198710840032,576.1009019656165,held-out grouped permutation over 5x5-fold predictions
kafka,regression,balanced_mib_per_sec,batch_size,Producer batch size,90.31607227318418,MAE increase in target units,200.8198710840032,291.1359433571874,held-out grouped permutation over 5x5-fold predictions
kafka,regression,balanced_mib_per_sec,consumer_ranks,Consumer MPI ranks,30.27020505203626,MAE increase in target units,200.8198710840032,231.09007613603947,held-out grouped permutation over 5x5-fold predictions
kafka,regression,balanced_mib_per_sec,partitions,Topic partitions,21.012329686074708,MAE increase in target units,200.8198710840032,221.83220077007792,held-out grouped permutation over 5x5-fold predictions
kafka,regression,balanced_mib_per_sec,producer_queue_kbytes,Producer queue capacity,5.624887752907142,MAE increase in target units,200.8198710840032,206.44475883691035,held-out grouped permutation over 5x5-fold predictions
kafka,regression,balanced_mib_per_sec,producer_queue_messages,Producer queue messages,3.3863635827792393,MAE increase in target units,200.8198710840032,204.20623466678245,held-out grouped permutation over 5x5-fold predictions
kafka,regression,balanced_mib_per_sec,consumer_fetch_message_max_bytes,Consumer fetch maximum,1.718374302547545,MAE increase in target units,200.8198710840032,202.53824538655076,held-out grouped permutation over 5x5-fold predictions
kafka,regression,balanced_mib_per_sec,consumer_fetch_wait_max_ms,Consumer fetch wait,0.7807631773542028,MAE increase in target units,200.8198710840032,201.6006342613574,held-out grouped permutation over 5x5-fold predictions
kafka,regression,balanced_mib_per_sec,linger_ms,Producer linger,0.5477416818175698,MAE increase in target units,200.8198710840032,201.36761276582078,held-out grouped permutation over 5x5-fold predictions
kafka,regression,balanced_mib_per_sec,consumer_fetch_min_bytes,Consumer fetch minimum,0.039244929978764276,MAE increase in target units,200.8198710840032,200.85911601398197,held-out grouped permutation over 5x5-fold predictions
kafka,regression,balanced_records_per_sec,producer_ranks,Producer MPI ranks,131527.46662855044,MAE increase in target units,52631.86182234977,184159.3284509002,held-out grouped permutation over 5x5-fold predictions
kafka,regression,balanced_records_per_sec,payload_size_bytes,Payload size,89703.87982548718,MAE increase in target units,52631.86182234977,142335.74164783696,held-out grouped permutation over 5x5-fold predictions
kafka,regression,balanced_records_per_sec,consumer_ranks,Consumer MPI ranks,23162.952426241034,MAE increase in target units,52631.86182234977,75794.8142485908,held-out grouped permutation over 5x5-fold predictions
kafka,regression,balanced_records_per_sec,batch_size,Producer batch size,15970.007701627437,MAE increase in target units,52631.86182234977,68601.8695239772,held-out grouped permutation over 5x5-fold predictions
kafka,regression,balanced_records_per_sec,partitions,Topic partitions,9864.340088138473,MAE increase in target units,52631.86182234977,62496.20191048824,held-out grouped permutation over 5x5-fold predictions
kafka,regression,balanced_records_per_sec,linger_ms,Producer linger,2496.738260482198,MAE increase in target units,52631.86182234977,55128.60008283197,held-out grouped permutation over 5x5-fold predictions
kafka,regression,balanced_records_per_sec,consumer_fetch_message_max_bytes,Consumer fetch maximum,1126.1361358919894,MAE increase in target units,52631.86182234977,53757.99795824176,held-out grouped permutation over 5x5-fold predictions
kafka,regression,balanced_records_per_sec,producer_queue_messages,Producer queue messages,-39.51162187701266,MAE increase in target units,52631.86182234977,52592.350200472756,held-out grouped permutation over 5x5-fold predictions
kafka,regression,balanced_records_per_sec,producer_queue_kbytes,Producer queue capacity,-89.24921236695081,MAE increase in target units,52631.86182234977,52542.61260998282,held-out grouped permutation over 5x5-fold predictions
kafka,regression,balanced_records_per_sec,consumer_fetch_wait_max_ms,Consumer fetch wait,-979.0458919906378,MAE increase in target units,52631.86182234977,51652.81593035913,held-out grouped permutation over 5x5-fold predictions
kafka,regression,balanced_records_per_sec,consumer_fetch_min_bytes,Consumer fetch minimum,-1045.9538605509952,MAE increase in target units,52631.86182234977,51585.90796179877,held-out grouped permutation over 5x5-fold predictions
kafka,regression,latency_p99_ms,producer_ranks,Producer MPI ranks,946.2502961855812,MAE increase in target units,2008.9384214864995,2955.1887176720807,held-out grouped permutation over 5x5-fold predictions
kafka,regression,latency_p99_ms,payload_size_bytes,Payload size,794.6521022203551,MAE increase in target units,2008.9384214864995,2803.5905237068546,held-out grouped permutation over 5x5-fold predictions
kafka,regression,latency_p99_ms,partitions,Topic partitions,330.3305592819315,MAE increase in target units,2008.9384214864995,2339.268980768431,held-out grouped permutation over 5x5-fold predictions
kafka,regression,latency_p99_ms,consumer_ranks,Consumer MPI ranks,314.48666161117626,MAE increase in target units,2008.9384214864995,2323.4250830976757,held-out grouped permutation over 5x5-fold predictions
kafka,regression,latency_p99_ms,batch_size,Producer batch size,230.87701690484482,MAE increase in target units,2008.9384214864995,2239.8154383913443,held-out grouped permutation over 5x5-fold predictions
kafka,regression,latency_p99_ms,linger_ms,Producer linger,10.198154052486188,MAE increase in target units,2008.9384214864995,2019.1365755389857,held-out grouped permutation over 5x5-fold predictions
kafka,regression,latency_p99_ms,producer_queue_kbytes,Producer queue capacity,2.2819907121483993,MAE increase in target units,2008.9384214864995,2011.2204121986479,held-out grouped permutation over 5x5-fold predictions
kafka,regression,latency_p99_ms,consumer_fetch_message_max_bytes,Consumer fetch maximum,0.7695841836784894,MAE increase in target units,2008.9384214864995,2009.708005670178,held-out grouped permutation over 5x5-fold predictions
kafka,regression,latency_p99_ms,producer_queue_messages,Producer queue messages,-0.23570248208261546,MAE increase in target units,2008.9384214864995,2008.7027190044168,held-out grouped permutation over 5x5-fold predictions
kafka,regression,latency_p99_ms,consumer_fetch_min_bytes,Consumer fetch minimum,-20.38000269274562,MAE increase in target units,2008.9384214864995,1988.5584187937538,held-out grouped permutation over 5x5-fold predictions
kafka,regression,latency_p99_ms,consumer_fetch_wait_max_ms,Consumer fetch wait,-57.52594058234126,MAE increase in target units,2008.9384214864995,1951.4124809041582,held-out grouped permutation over 5x5-fold predictions
kafka,regression,backlog_percent,payload_size_bytes,Payload size,0.9665595571240742,MAE increase in target units,4.074396710951554,5.040956268075628,held-out grouped permutation over 5x5-fold predictions
kafka,regression,backlog_percent,producer_ranks,Producer MPI ranks,0.5049160378885045,MAE increase in target units,4.074396710951554,4.579312748840058,held-out grouped permutation over 5x5-fold predictions
kafka,regression,backlog_percent,consumer_ranks,Consumer MPI ranks,0.33616034967521724,MAE increase in target units,4.074396710951554,4.410557060626771,held-out grouped permutation over 5x5-fold predictions
kafka,regression,backlog_percent,batch_size,Producer batch size,0.22257351831259253,MAE increase in target units,4.074396710951554,4.296970229264146,held-out grouped permutation over 5x5-fold predictions
kafka,regression,backlog_percent,consumer_fetch_message_max_bytes,Consumer fetch maximum,0.07929026523867932,MAE increase in target units,4.074396710951554,4.153686976190233,held-out grouped permutation over 5x5-fold predictions
kafka,regression,backlog_percent,producer_queue_messages,Producer queue messages,0.010376714361860273,MAE increase in target units,4.074396710951554,4.084773425313414,held-out grouped permutation over 5x5-fold predictions
kafka,regression,backlog_percent,linger_ms,Producer linger,0.0032400123304876516,MAE increase in target units,4.074396710951554,4.077636723282041,held-out grouped permutation over 5x5-fold predictions
kafka,regression,backlog_percent,partitions,Topic partitions,-0.0044261839680777015,MAE increase in target units,4.074396710951554,4.069970526983476,held-out grouped permutation over 5x5-fold predictions
kafka,regression,backlog_percent,consumer_fetch_min_bytes,Consumer fetch minimum,-0.0311620156296053,MAE increase in target units,4.074396710951554,4.0432346953219485,held-out grouped permutation over 5x5-fold predictions
kafka,regression,backlog_percent,consumer_fetch_wait_max_ms,Consumer fetch wait,-0.032173659827460455,MAE increase in target units,4.074396710951554,4.042223051124093,held-out grouped permutation over 5x5-fold predictions
kafka,regression,backlog_percent,producer_queue_kbytes,Producer queue capacity,-0.03622868825629233,MAE increase in target units,4.074396710951554,4.038168022695261,held-out grouped permutation over 5x5-fold predictions
kafka,classification,qualified,payload_size_bytes,Payload size,0.34545454545454557,balanced-accuracy decrease,0.9114718614718615,0.566017316017316,held-out grouped permutation over 5x5-fold predictions
kafka,classification,qualified,producer_ranks,Producer MPI ranks,0.12943722943722946,balanced-accuracy decrease,0.9114718614718615,0.7820346320346321,held-out grouped permutation over 5x5-fold predictions
kafka,classification,qualified,consumer_ranks,Consumer MPI ranks,0.07756132756132761,balanced-accuracy decrease,0.9114718614718615,0.8339105339105339,held-out grouped permutation over 5x5-fold predictions
kafka,classification,qualified,batch_size,Producer batch size,0.05822510822510829,balanced-accuracy decrease,0.9114718614718615,0.8532467532467533,held-out grouped permutation over 5x5-fold predictions
kafka,classification,qualified,partitions,Topic partitions,0.003030303030303161,balanced-accuracy decrease,0.9114718614718615,0.9084415584415584,held-out grouped permutation over 5x5-fold predictions
kafka,classification,qualified,consumer_fetch_wait_max_ms,Consumer fetch wait,0.003030303030303161,balanced-accuracy decrease,0.9114718614718615,0.9084415584415584,held-out grouped permutation over 5x5-fold predictions
kafka,classification,qualified,producer_queue_messages,Producer queue messages,-0.002020202020202033,balanced-accuracy decrease,0.9114718614718615,0.9134920634920636,held-out grouped permutation over 5x5-fold predictions
kafka,classification,qualified,consumer_fetch_message_max_bytes,Consumer fetch maximum,-0.009235209235209152,balanced-accuracy decrease,0.9114718614718615,0.9207070707070707,held-out grouped permutation over 5x5-fold predictions
kafka,classification,qualified,linger_ms,Producer linger,-0.014285714285714235,balanced-accuracy decrease,0.9114718614718615,0.9257575757575758,held-out grouped permutation over 5x5-fold predictions
kafka,classification,qualified,consumer_fetch_min_bytes,Consumer fetch minimum,-0.014285714285714235,balanced-accuracy decrease,0.9114718614718615,0.9257575757575758,held-out grouped permutation over 5x5-fold predictions
kafka,classification,qualified,producer_queue_kbytes,Producer queue capacity,-0.02243867243867237,balanced-accuracy decrease,0.9114718614718615,0.9339105339105339,held-out grouped permutation over 5x5-fold predictions
