backend_id,config_id,primary_rank,design_note,design_group,status,eligible,qualified,producer_ranks,consumer_ranks,partitions,batch_size,linger_ms,payload_size_bytes,producer_queue_messages,producer_queue_kbytes,consumer_fetch_min_bytes,consumer_fetch_wait_max_ms,consumer_fetch_message_max_bytes,producer_mib_per_sec,consumer_mib_per_sec,balanced_mib_per_sec,producer_records_per_sec,consumer_records_per_sec,balanced_records_per_sec,throughput_gap_percent,limiting_side,latency_valid,latency_p50_ms,latency_p95_ms,latency_p99_ms,latency_p99_9_ms,latency_sample_count,backlog_percent,flush_sec,failed_send_percent,messages_attempted,messages_enqueued,pending_messages_at_flush_start,records_missing_after_drain,duplicate_records,out_of_order_records,qualification_reason
kafka,cfg_107,1,seeded-mixed,seeded-mixed,completed,True,True,48.0,24.0,60.0,2097152.0,5.0,8192.0,2000000.0,2097152.0,8388608.0,50.0,33554432.0,3001.52918917343,3118.2486979166665,3001.52918917343,384195.73621419905,399135.8333333333,384195.73621419905,3.7431109590847567,producer,True,308.0,2960.0,5890.0,9570.0,1233495.0,2.7763840432461704,2.105923268944025,0.0,12334965.0,12334965.0,342466.0,0.0,0.0,0.0,eligible and all shared qualification thresholds satisfied
kafka,cfg_061,2,seeded-mixed,seeded-mixed,completed,True,True,48.0,56.0,90.0,524288.0,20.0,8192.0,1000000.0,2097152.0,8388608.0,25.0,16777216.0,2998.191423418827,3092.8533854166667,2998.191423418827,383768.50219760987,395885.23333333334,383768.50219760987,3.060667616647688,producer,True,399.0,3590.0,5820.0,9220.0,1225688.0,3.0257633267821618,1.9380622759927064,0.0,12256841.0,12256841.0,370863.0,0.0,0.0,0.0,eligible and all shared qualification thresholds satisfied
kafka,cfg_113,3,seeded-mixed,seeded-mixed,completed,True,True,48.0,56.0,240.0,4194304.0,5.0,8192.0,500000.0,1048576.0,4194304.0,100.0,4194304.0,2961.4496509002006,3034.2369791666665,2961.4496509002006,379065.5553152257,388382.3333333333,379065.5553152257,2.3988676153586557,producer,True,570.0,3870.0,6820.0,10800.0,1214549.0,3.9414258923652645,2.0406379669439048,0.0,12145503.0,12145503.0,478706.0,0.0,0.0,0.0,eligible and all shared qualification thresholds satisfied
kafka,cfg_062,4,seeded-mixed,seeded-mixed,completed,True,True,64.0,64.0,60.0,524288.0,0.0,4096.0,1000000.0,1048576.0,262144.0,25.0,16777216.0,2783.412155708857,2910.854427083333,2783.412155708857,712553.5118614674,745178.7333333333,712553.5118614674,4.3781739886653455,producer,True,203.0,3440.0,7150.0,11100.0,2292212.0,2.460949953852444,2.1689673189539462,0.0,22922124.0,22922124.0,564102.0,0.0,0.0,0.0,eligible and all shared qualification thresholds satisfied
kafka,cfg_049,5,rank-pair:64x64,rank-pair,completed,True,True,64.0,64.0,120.0,1048576.0,20.0,4096.0,1000000.0,1048576.0,1048576.0,50.0,8388608.0,2719.617285970418,2873.47890625,2719.617285970418,696222.025208427,735610.6,696222.025208427,5.354541491323397,producer,True,336.0,3370.0,7600.0,13000.0,2276312.0,3.013436851542263,2.6951714637689292,0.0,22763145.0,22763145.0,685953.0,0.0,0.0,0.0,eligible and all shared qualification thresholds satisfied
kafka,cfg_007,6,one-factor:producer_ranks=64,one-factor,completed,True,True,64.0,40.0,120.0,1048576.0,20.0,4096.0,1000000.0,1048576.0,1048576.0,50.0,8388608.0,2698.7427476017588,2815.0345052083335,2698.7427476017588,690878.1433860502,720648.8333333334,690878.1433860502,4.13109528112048,producer,True,494.0,4940.0,9810.0,15900.0,2275202.0,4.571074643732795,2.9293800918385386,0.0,22752024.0,22752024.0,1040012.0,0.0,0.0,0.0,eligible and all shared qualification thresholds satisfied
kafka,cfg_096,7,seeded-mixed,seeded-mixed,completed,True,True,32.0,64.0,60.0,1048576.0,10.0,16384.0,1000000.0,2097152.0,8388608.0,50.0,4194304.0,2628.5610752968532,2624.757291666667,2624.757291666667,168227.9088189986,167984.46666666667,167984.46666666667,0.1447097298188846,consumer,True,107.0,172.0,221.0,304.0,505878.0,0.1947098615504163,0.07107047503814101,0.0,5058809.0,5058809.0,9850.0,0.0,0.0,0.0,eligible and all shared qualification thresholds satisfied
kafka,cfg_078,8,seeded-mixed,seeded-mixed,completed,True,True,32.0,40.0,90.0,262144.0,20.0,16384.0,500000.0,524288.0,8388608.0,10.0,4194304.0,2615.5191408266405,2617.249479166667,2615.5191408266405,167393.225012905,167503.96666666667,167393.225012905,0.0661128544985786,producer,True,72.5,168.0,308.0,592.0,503938.0,0.25014803302604904,0.10519367910455912,0.0,5039416.0,5039416.0,12606.0,0.0,0.0,0.0,eligible and all shared qualification thresholds satisfied
kafka,cfg_116,9,seeded-mixed,seeded-mixed,completed,True,True,40.0,32.0,120.0,2097152.0,10.0,8192.0,1000000.0,524288.0,4194304.0,10.0,4194304.0,2574.1898509372695,2574.934114583333,2574.1898509372695,329496.3009199705,329591.56666666665,329496.3009199705,0.02890418212444766,producer,True,101.0,281.0,441.0,688.0,992755.0,0.36266756275894485,0.12937414715997875,0.0,9927549.0,9927549.0,36004.0,0.0,0.0,0.0,eligible and all shared qualification thresholds satisfied
kafka,cfg_060,10,seeded-mixed,seeded-mixed,completed,True,True,56.0,64.0,120.0,524288.0,10.0,4096.0,500000.0,2097152.0,2097152.0,10.0,8388608.0,2550.658329894349,2550.3463541666665,2550.3463541666665,652968.5324529534,652888.6666666666,652888.6666666666,0.012231184554444633,consumer,True,148.0,407.0,610.0,913.0,1970611.0,0.5755738637309353,0.1791523122228682,0.0,19706072.0,19706072.0,113423.0,0.0,0.0,0.0,eligible and all shared qualification thresholds satisfied
kafka,cfg_029,11,one-factor:payload_size_bytes=8192,one-factor,completed,True,True,40.0,40.0,120.0,1048576.0,20.0,8192.0,1000000.0,1048576.0,1048576.0,50.0,8388608.0,2546.7765927910023,2567.8143229166667,2546.7765927910023,325987.4038772483,328680.23333333334,325987.4038772483,0.8192854887486029,producer,True,811.0,7340.0,11100.0,15500.0,1016586.0,2.5374371129688345,1.184744639787823,0.0,10165848.0,10165848.0,257952.0,0.0,0.0,0.0,eligible and all shared qualification thresholds satisfied
kafka,cfg_048,12,rank-pair:56x56,rank-pair,completed,True,True,56.0,56.0,120.0,1048576.0,20.0,4096.0,1000000.0,1048576.0,1048576.0,50.0,8388608.0,2545.430460501906,2548.02265625,2545.430460501906,651630.197888488,652293.8,651630.197888488,0.10173362241249212,producer,True,147.0,416.0,647.0,1030.0,1969136.0,0.5805488262952999,0.21855830680578947,0.0,19691367.0,19691367.0,114318.0,0.0,0.0,0.0,eligible and all shared qualification thresholds satisfied
kafka,cfg_006,13,one-factor:producer_ranks=56,one-factor,completed,True,True,56.0,40.0,120.0,1048576.0,20.0,4096.0,1000000.0,1048576.0,1048576.0,50.0,8388608.0,2549.1768382088117,2542.9510416666667,2542.9510416666667,652589.2705814558,650995.4666666667,650995.4666666667,0.24422772280166882,consumer,True,187.0,458.0,682.0,1140.0,1969603.0,0.3808029767650426,0.18132635415531695,0.0,19696012.0,19696012.0,75003.0,0.0,0.0,0.0,eligible and all shared qualification thresholds satisfied
kafka,cfg_053,14,rank-pair:56x24,rank-pair,completed,True,True,56.0,24.0,120.0,1048576.0,20.0,4096.0,1000000.0,1048576.0,1048576.0,50.0,8388608.0,2542.3701936263215,2545.87109375,2542.3701936263215,650846.7695683383,651743.0,650846.7695683383,0.1375128588510668,producer,True,147.0,572.0,1160.0,2190.0,1967418.0,0.596126254359265,0.22858657175675035,0.0,19674188.0,19674188.0,117283.0,0.0,0.0,0.0,eligible and all shared qualification thresholds satisfied
kafka,cfg_064,15,seeded-mixed,seeded-mixed,completed,True,True,56.0,48.0,180.0,4194304.0,20.0,4096.0,500000.0,524288.0,8388608.0,100.0,4194304.0,2534.565208213948,2529.683072916667,2529.683072916667,648848.6933027707,647598.8666666667,647598.8666666667,0.1926222012935188,consumer,True,251.0,621.0,917.0,1390.0,1961838.0,0.6948841186114306,0.23563204205129296,0.0,19618379.0,19618379.0,136325.0,0.0,0.0,0.0,eligible and all shared qualification thresholds satisfied
kafka,cfg_005,16,one-factor:producer_ranks=48,one-factor,completed,True,True,48.0,40.0,120.0,1048576.0,20.0,4096.0,1000000.0,1048576.0,1048576.0,50.0,8388608.0,2152.1773049001617,2149.7540364583333,2149.7540364583333,550957.3900544414,550337.0333333333,550337.0333333333,0.11259613398538532,consumer,True,138.0,288.0,381.0,558.0,1659244.0,0.3926129414612923,0.11556743388064206,0.0,16592423.0,16592423.0,65144.0,0.0,0.0,0.0,eligible and all shared qualification thresholds satisfied
kafka,cfg_052,17,rank-pair:48x32,rank-pair,completed,True,True,48.0,32.0,120.0,1048576.0,20.0,4096.0,1000000.0,1048576.0,1048576.0,50.0,8388608.0,2148.4546183867683,2147.5358072916665,2147.5358072916665,550004.3823070127,549769.1666666666,549769.1666666666,0.04276613930955127,consumer,True,116.0,231.0,322.0,462.0,1656778.0,0.42150994174368644,0.12304550921544433,0.0,16567818.0,16567818.0,69835.0,0.0,0.0,0.0,eligible and all shared qualification thresholds satisfied
kafka,cfg_047,18,rank-pair:48x48,rank-pair,completed,True,True,48.0,48.0,120.0,1048576.0,20.0,4096.0,1000000.0,1048576.0,1048576.0,50.0,8388608.0,2144.3020098125526,2143.268359375,2143.268359375,548941.3145120135,548676.7,548676.7,0.04820451749905832,consumer,True,119.0,232.0,323.0,464.0,1653590.0,0.415278323560051,0.1231793500483036,0.0,16535898.0,16535898.0,68670.0,0.0,0.0,0.0,eligible and all shared qualification thresholds satisfied
kafka,cfg_086,19,seeded-mixed,seeded-mixed,completed,True,True,48.0,24.0,240.0,1048576.0,5.0,4096.0,500000.0,524288.0,2097152.0,50.0,8388608.0,2129.7909193166856,2129.370572916667,2129.370572916667,545226.4753450715,545118.8666666667,545118.8666666667,0.01973651010558847,consumer,True,160.0,440.0,656.0,1000.0,1645613.0,0.5769651351926673,0.18206429888959974,0.0,16456107.0,16456107.0,94946.0,0.0,0.0,0.0,eligible and all shared qualification thresholds satisfied
kafka,cfg_088,20,seeded-mixed,seeded-mixed,completed,True,True,24.0,32.0,60.0,262144.0,80.0,16384.0,500000.0,1048576.0,2097152.0,25.0,16777216.0,2051.3340563723477,2049.4625,2049.4625,131285.37960783025,131165.6,131165.6,0.0912360600914201,consumer,True,63.1,104.0,111.0,117.0,394353.0,0.15430337793804028,0.037699913955293596,0.0,3943530.0,3943530.0,6085.0,0.0,0.0,0.0,eligible and all shared qualification thresholds satisfied
kafka,cfg_081,21,seeded-mixed,seeded-mixed,completed,True,True,24.0,32.0,90.0,262144.0,40.0,16384.0,500000.0,2097152.0,2097152.0,10.0,4194304.0,1997.3519768928206,1996.4546875,1996.4546875,127830.52652114052,127773.1,127773.1,0.04492394946915702,consumer,True,40.4,57.6,61.8,68.2,383849.0,0.08909793034886529,0.027712634997442365,0.0,3838473.0,3838473.0,3420.0,0.0,0.0,0.0,eligible and all shared qualification thresholds satisfied
kafka,cfg_065,22,seeded-mixed,seeded-mixed,completed,True,True,64.0,16.0,60.0,524288.0,80.0,2048.0,2000000.0,1048576.0,8388608.0,10.0,33554432.0,1895.962795054964,1895.2567708333333,1895.2567708333333,970732.9510681416,970371.4666666667,970371.4666666667,0.03723829515390221,consumer,True,56.7,94.5,102.0,111.0,2916447.0,0.14226897621164106,0.04375590092968196,0.0,29164475.0,29164475.0,41492.0,0.0,0.0,0.0,eligible and all shared qualification thresholds satisfied
kafka,cfg_026,23,one-factor:linger_ms=80,one-factor,completed,True,True,40.0,40.0,120.0,1048576.0,80.0,4096.0,1000000.0,1048576.0,1048576.0,50.0,8388608.0,1854.0796768869093,1851.1821614583334,1851.1821614583334,474644.3972830488,473902.63333333336,473902.63333333336,0.15627782692925657,consumer,True,73.9,145.0,185.0,238.0,1426287.0,0.15995333350627608,0.04962383513338864,0.0,14262910.0,14262910.0,22814.0,0.0,0.0,0.0,eligible and all shared qualification thresholds satisfied
kafka,cfg_014,24,one-factor:partitions=60,one-factor,completed,True,True,40.0,40.0,60.0,1048576.0,20.0,4096.0,1000000.0,1048576.0,1048576.0,50.0,8388608.0,1820.0544436537707,1813.8889322916666,1813.8889322916666,465933.9375753653,464355.56666666665,464355.56666666665,0.3387542270288792,consumer,True,45.1,121.0,188.0,234.0,1398664.0,0.05660391118226459,0.01852428400889039,0.0,13986666.0,13986666.0,7917.0,0.0,0.0,0.0,eligible and all shared qualification thresholds satisfied
kafka,cfg_025,25,one-factor:linger_ms=40,one-factor,completed,True,True,40.0,40.0,120.0,1048576.0,40.0,4096.0,1000000.0,1048576.0,1048576.0,50.0,8388608.0,1795.431158464588,1795.9890625,1795.431158464588,459630.3765669345,459773.2,459630.3765669345,0.031063888253055182,producer,True,65.1,160.0,214.0,267.0,1382258.0,0.15876212853677096,0.07317637116648257,0.0,13822566.0,13822566.0,21945.0,0.0,0.0,0.0,eligible and all shared qualification thresholds satisfied
kafka,cfg_015,26,one-factor:partitions=90,one-factor,completed,True,True,40.0,40.0,90.0,1048576.0,20.0,4096.0,1000000.0,1048576.0,1048576.0,50.0,8388608.0,1779.720286649099,1779.1229166666667,1779.1229166666667,455608.39338216936,455455.4666666667,455455.4666666667,0.033565385915621936,consumer,True,103.0,210.0,275.0,454.0,1370787.0,0.2579476156022452,0.08681567199528217,0.0,13707822.0,13707822.0,35359.0,0.0,0.0,0.0,eligible and all shared qualification thresholds satisfied
kafka,cfg_068,27,seeded-mixed,seeded-mixed,completed,True,True,64.0,56.0,120.0,4194304.0,40.0,2048.0,500000.0,1048576.0,1048576.0,10.0,16777216.0,1770.252776994863,1772.0302083333333,1770.252776994863,906369.4218213699,907279.4666666667,906369.4218213699,0.10030479898771012,producer,True,143.0,222.0,290.0,383.0,2734643.0,0.4518502236359665,0.17141237598843873,0.0,27346451.0,27346451.0,123565.0,0.0,0.0,0.0,eligible and all shared qualification thresholds satisfied
kafka,cfg_104,28,seeded-mixed,seeded-mixed,completed,True,True,64.0,64.0,90.0,1048576.0,5.0,2048.0,500000.0,524288.0,262144.0,25.0,33554432.0,1768.5847086716124,1769.4951822916667,1768.5847086716124,905515.3708398655,905981.5333333333,905515.3708398655,0.05145386261380713,producer,True,258.0,543.0,644.0,768.0,2743777.0,0.9253658374978136,0.30071466183289886,0.0,27437797.0,27437797.0,253900.0,0.0,0.0,0.0,eligible and all shared qualification thresholds satisfied
kafka,cfg_022,29,one-factor:linger_ms=0,one-factor,completed,True,True,40.0,40.0,120.0,1048576.0,0.0,4096.0,1000000.0,1048576.0,1048576.0,50.0,8388608.0,1767.890961690918,1767.9641927083333,1767.890961690918,452580.086192875,452598.8333333333,452580.086192875,0.004142109762026784,producer,True,152.0,310.0,388.0,490.0,1364713.0,0.46312901965235426,0.15410434105433524,0.0,13647169.0,13647169.0,63204.0,0.0,0.0,0.0,eligible and all shared qualification thresholds satisfied
kafka,cfg_001,30,baseline,baseline,completed,True,True,40.0,40.0,120.0,1048576.0,20.0,4096.0,1000000.0,1048576.0,1048576.0,50.0,8388608.0,1769.7536286663417,1767.094921875,1767.094921875,453056.92893858347,452376.3,452376.3,0.150230334227103,consumer,True,117.0,211.0,269.0,382.0,1363028.0,0.29551039022132725,0.08520233095623553,0.0,13630316.0,13630316.0,40279.0,0.0,0.0,0.0,eligible and all shared qualification thresholds satisfied
kafka,cfg_019,31,one-factor:batch_size=524288,one-factor,completed,True,True,40.0,40.0,120.0,524288.0,20.0,4096.0,1000000.0,1048576.0,1048576.0,50.0,8388608.0,1768.5323626879413,1766.5333333333333,1766.5333333333333,452744.28484811296,452232.5333333333,452232.5333333333,0.11303323573732564,consumer,True,116.0,214.0,270.0,346.0,1362312.0,0.31551558129321383,0.09000245993956923,0.0,13623099.0,13623099.0,42983.0,0.0,0.0,0.0,eligible and all shared qualification thresholds satisfied
kafka,cfg_020,32,one-factor:batch_size=2097152,one-factor,completed,True,True,40.0,40.0,120.0,2097152.0,20.0,4096.0,1000000.0,1048576.0,1048576.0,50.0,8388608.0,1766.8537033663958,1765.7986979166667,1765.7986979166667,452314.54806179734,452044.4666666667,452044.4666666667,0.05971096801727521,consumer,True,115.0,205.0,252.0,315.0,1361149.0,0.31950907419729496,0.09297510306350887,0.0,13611507.0,13611507.0,43490.0,0.0,0.0,0.0,eligible and all shared qualification thresholds satisfied
kafka,cfg_024,33,one-factor:linger_ms=10,one-factor,completed,True,True,40.0,40.0,120.0,1048576.0,10.0,4096.0,1000000.0,1048576.0,1048576.0,50.0,8388608.0,1764.6181184647069,1763.380859375,1763.380859375,451742.23832696496,451425.5,451425.5,0.07011483542871791,consumer,True,135.0,246.0,304.0,375.0,1360574.0,0.4037859063004728,0.11824373505078256,0.0,13605725.0,13605725.0,54938.0,0.0,0.0,0.0,eligible and all shared qualification thresholds satisfied
kafka,cfg_010,34,one-factor:consumer_ranks=32,one-factor,completed,True,True,40.0,32.0,120.0,1048576.0,20.0,4096.0,1000000.0,1048576.0,1048576.0,50.0,8388608.0,1764.018550542198,1761.515234375,1761.515234375,451588.7489388027,450947.9,450947.9,0.14190985499718675,consumer,True,113.0,220.0,277.0,339.0,1359080.0,0.30046003090614215,0.09555741585791111,0.0,13590826.0,13590826.0,40835.0,0.0,0.0,0.0,eligible and all shared qualification thresholds satisfied
kafka,cfg_009,35,one-factor:consumer_ranks=24,one-factor,completed,True,True,40.0,24.0,120.0,1048576.0,20.0,4096.0,1000000.0,1048576.0,1048576.0,50.0,8388608.0,1764.3716480092107,1760.7350260416667,1760.7350260416667,451679.14189035795,450748.1666666667,450748.1666666667,0.20611428276164429,consumer,True,113.0,194.0,249.0,352.0,1359838.0,0.27739398932870374,0.10619354108348489,0.0,13598348.0,13598348.0,37721.0,0.0,0.0,0.0,eligible and all shared qualification thresholds satisfied
kafka,cfg_021,36,one-factor:batch_size=4194304,one-factor,completed,True,True,40.0,40.0,120.0,4194304.0,20.0,4096.0,1000000.0,1048576.0,1048576.0,50.0,8388608.0,1761.7221516463549,1760.5772135416667,1760.5772135416667,451000.87082146684,450707.76666666666,450707.76666666666,0.06498970928067442,consumer,True,114.0,218.0,274.0,357.0,1357598.0,0.29264935245161783,0.10183101496659219,0.0,13575974.0,13575974.0,39730.0,0.0,0.0,0.0,eligible and all shared qualification thresholds satisfied
kafka,cfg_012,37,one-factor:consumer_ranks=56,one-factor,completed,True,True,40.0,56.0,120.0,1048576.0,20.0,4096.0,1000000.0,1048576.0,1048576.0,50.0,8388608.0,1761.2696595533916,1760.3420572916666,1760.3420572916666,450885.03284566826,450647.56666666665,450647.56666666665,0.05266668035150595,consumer,True,118.0,211.0,266.0,337.0,1357103.0,0.3061594726178525,0.09864056296646595,0.0,13571032.0,13571032.0,41549.0,0.0,0.0,0.0,eligible and all shared qualification thresholds satisfied
kafka,cfg_008,38,one-factor:consumer_ranks=16,one-factor,completed,True,True,40.0,16.0,120.0,1048576.0,20.0,4096.0,1000000.0,1048576.0,1048576.0,50.0,8388608.0,1760.7035682891715,1760.28671875,1760.28671875,450740.1134820279,450633.4,450633.4,0.023675168647293764,consumer,True,109.0,196.0,242.0,303.0,1356304.0,0.3034055207108497,0.09048727108165622,0.0,13563036.0,13563036.0,41151.0,0.0,0.0,0.0,eligible and all shared qualification thresholds satisfied
kafka,cfg_013,39,one-factor:consumer_ranks=64,one-factor,completed,True,True,40.0,64.0,120.0,1048576.0,20.0,4096.0,1000000.0,1048576.0,1048576.0,50.0,8388608.0,1763.867565392206,1760.21640625,1760.21640625,451550.0967404047,450615.4,450615.4,0.20699735137960962,consumer,True,121.0,210.0,259.0,322.0,1358493.0,0.3168722725830291,0.08511566882953048,0.0,13584969.0,13584969.0,43047.0,0.0,0.0,0.0,eligible and all shared qualification thresholds satisfied
kafka,cfg_095,40,seeded-mixed,seeded-mixed,completed,True,True,64.0,40.0,120.0,1048576.0,5.0,2048.0,500000.0,2097152.0,1048576.0,100.0,16777216.0,1759.8949535192212,1761.8375,1759.8949535192212,901066.2162018412,902060.8,901066.2162018412,0.11025684722790276,producer,True,231.0,526.0,636.0,777.0,2729927.0,0.8223301633077592,0.2965643359348178,0.0,27299254.0,27299254.0,224490.0,0.0,0.0,0.0,eligible and all shared qualification thresholds satisfied
kafka,cfg_011,41,one-factor:consumer_ranks=48,one-factor,completed,True,True,40.0,48.0,120.0,1048576.0,20.0,4096.0,1000000.0,1048576.0,1048576.0,50.0,8388608.0,1763.384981920094,1759.290625,1759.290625,451426.5553715441,450378.4,450378.4,0.23218735341818547,consumer,True,117.0,224.0,295.0,433.0,1358039.0,0.27889587717889475,0.08304700185544789,0.0,13580337.0,13580337.0,37875.0,0.0,0.0,0.0,eligible and all shared qualification thresholds satisfied
kafka,cfg_018,42,one-factor:batch_size=262144,one-factor,completed,True,True,40.0,40.0,120.0,262144.0,20.0,4096.0,1000000.0,1048576.0,1048576.0,50.0,8388608.0,1762.6705441730883,1758.658984375,1758.658984375,451243.6593083106,450216.7,450216.7,0.22758420802737978,consumer,True,115.0,212.0,259.0,319.0,1358264.0,0.2549791915098916,0.10041828802786767,0.0,13582677.0,13582677.0,34633.0,0.0,0.0,0.0,eligible and all shared qualification thresholds satisfied
kafka,cfg_023,43,one-factor:linger_ms=5,one-factor,completed,True,True,40.0,40.0,120.0,1048576.0,5.0,4096.0,1000000.0,1048576.0,1048576.0,50.0,8388608.0,1759.5541482970893,1757.1583333333333,1757.1583333333333,450445.8619640549,449832.5333333333,449832.5333333333,0.13616034300932012,consumer,True,150.0,283.0,349.0,430.0,1357153.0,0.4100278848729943,0.12899626605212688,0.0,13571516.0,13571516.0,55647.0,0.0,0.0,0.0,eligible and all shared qualification thresholds satisfied
kafka,cfg_035,44,one-factor:consumer_fetch_min_bytes=262144,one-factor,completed,True,True,40.0,40.0,120.0,1048576.0,20.0,4096.0,1000000.0,1048576.0,262144.0,50.0,8388608.0,1754.1132674586668,1754.4971354166667,1754.1132674586668,449052.9964694187,449151.26666666666,449052.9964694187,0.02187908718977302,producer,True,95.9,172.0,251.0,399.0,1351988.0,0.3240702765189139,0.10759046720340848,0.0,13519907.0,13519907.0,43814.0,0.0,0.0,0.0,eligible and all shared qualification thresholds satisfied
kafka,cfg_033,45,one-factor:producer_queue_kbytes=524288,one-factor,completed,True,True,40.0,40.0,120.0,1048576.0,20.0,4096.0,1000000.0,524288.0,1048576.0,50.0,8388608.0,1752.6194482058877,1752.3950520833334,1752.3950520833334,448670.57874070725,448613.13333333336,448613.13333333336,0.012803470986468973,consumer,True,106.0,174.0,231.0,324.0,1350663.0,0.3155857998014012,0.10358152398839593,0.0,13506628.0,13506628.0,42625.0,0.0,0.0,0.0,eligible and all shared qualification thresholds satisfied
kafka,cfg_032,46,one-factor:producer_queue_messages=2000000,one-factor,completed,True,True,40.0,40.0,120.0,1048576.0,20.0,4096.0,2000000.0,1048576.0,1048576.0,50.0,8388608.0,1750.1432186838258,1749.8479166666666,1749.8479166666666,448036.6639830594,447961.06666666665,447961.06666666665,0.01687302010525058,consumer,True,106.0,172.0,220.0,275.0,1348834.0,0.3271708374461369,0.10541780199855566,0.0,13488366.0,13488366.0,44130.0,0.0,0.0,0.0,eligible and all shared qualification thresholds satisfied
kafka,cfg_036,47,one-factor:consumer_fetch_min_bytes=2097152,one-factor,completed,True,True,40.0,40.0,120.0,1048576.0,20.0,4096.0,1000000.0,1048576.0,2097152.0,50.0,8388608.0,1748.5052050549195,1747.471484375,1747.471484375,447617.3324940594,447352.7,447352.7,0.05912025179742195,consumer,True,119.0,185.0,234.0,305.0,1347530.0,0.3214473650718451,0.10444867424666882,0.0,13475301.0,13475301.0,43316.0,0.0,0.0,0.0,eligible and all shared qualification thresholds satisfied
kafka,cfg_043,48,one-factor:consumer_fetch_message_max_bytes=16777216,one-factor,completed,True,True,40.0,40.0,120.0,1048576.0,20.0,4096.0,1000000.0,1048576.0,1048576.0,50.0,16777216.0,1747.311438397604,1747.24765625,1747.24765625,447311.7282297866,447295.4,447295.4,0.003650302184387936,consumer,True,102.0,179.0,242.0,341.0,1346268.0,0.27706946212602845,0.09686715062707663,0.0,13462689.0,13462689.0,37301.0,0.0,0.0,0.0,eligible and all shared qualification thresholds satisfied
kafka,cfg_042,49,one-factor:consumer_fetch_message_max_bytes=4194304,one-factor,completed,True,True,40.0,40.0,120.0,1048576.0,20.0,4096.0,1000000.0,1048576.0,1048576.0,50.0,4194304.0,1746.357653128611,1745.8,1745.8,447067.5592009244,446924.8,446924.8,0.03193235518577752,consumer,True,104.0,165.0,213.0,279.0,1346009.0,0.346096700094078,0.1075156731531024,0.0,13460111.0,13460111.0,46585.0,0.0,0.0,0.0,eligible and all shared qualification thresholds satisfied
kafka,cfg_031,50,one-factor:producer_queue_messages=500000,one-factor,completed,True,True,40.0,40.0,120.0,1048576.0,20.0,4096.0,500000.0,1048576.0,1048576.0,50.0,8388608.0,1745.9696163389817,1745.4346354166667,1745.4346354166667,446968.2217827793,446831.26666666666,446831.26666666666,0.030640906766570237,consumer,True,104.0,169.0,221.0,295.0,1345491.0,0.32625407743274154,0.1024562488310039,0.0,13454851.0,13454851.0,43897.0,0.0,0.0,0.0,eligible and all shared qualification thresholds satisfied
kafka,cfg_040,51,one-factor:consumer_fetch_wait_max_ms=25,one-factor,completed,True,True,40.0,40.0,120.0,1048576.0,20.0,4096.0,1000000.0,1048576.0,1048576.0,25.0,8388608.0,1745.3816557348716,1744.87109375,1744.87109375,446817.70386812714,446687.0,446687.0,0.02925216861275323,consumer,True,104.0,170.0,219.0,276.0,1345173.0,0.33636403171472656,0.1057171612046659,0.0,13451795.0,13451795.0,45247.0,0.0,0.0,0.0,eligible and all shared qualification thresholds satisfied
kafka,cfg_041,52,one-factor:consumer_fetch_wait_max_ms=100,one-factor,completed,True,True,40.0,40.0,120.0,1048576.0,20.0,4096.0,1000000.0,1048576.0,1048576.0,100.0,8388608.0,1744.8826803822758,1744.5259114583334,1744.5259114583334,446689.9661778626,446598.63333333336,446598.63333333336,0.020446585203321065,consumer,True,104.0,166.0,211.0,265.0,1344648.0,0.31783754454321617,0.10250939568504691,0.0,13446492.0,13446492.0,42738.0,0.0,0.0,0.0,eligible and all shared qualification thresholds satisfied
kafka,cfg_016,53,one-factor:partitions=180,one-factor,completed,True,True,40.0,40.0,180.0,1048576.0,20.0,4096.0,1000000.0,1048576.0,1048576.0,50.0,8388608.0,1744.7863279241435,1743.7177083333333,1743.7177083333333,446665.29994858074,446391.73333333334,446391.73333333334,0.06124644454782875,consumer,True,128.0,245.0,311.0,399.0,1344673.0,0.36577608970375075,0.10469273198395967,0.0,13446751.0,13446751.0,49185.0,0.0,0.0,0.0,eligible and all shared qualification thresholds satisfied
kafka,cfg_034,54,one-factor:producer_queue_kbytes=2097152,one-factor,completed,True,True,40.0,40.0,120.0,1048576.0,20.0,4096.0,1000000.0,2097152.0,1048576.0,50.0,8388608.0,1743.305768417138,1743.971875,1743.305768417138,446286.27671478735,446456.8,446286.27671478735,0.03819480075398908,producer,True,103.0,170.0,220.0,280.0,1343665.0,0.2786037320173701,0.10763084655627608,0.0,13436647.0,13436647.0,37435.0,0.0,0.0,0.0,eligible and all shared qualification thresholds satisfied
kafka,cfg_044,55,one-factor:consumer_fetch_message_max_bytes=33554432,one-factor,completed,True,True,40.0,40.0,120.0,1048576.0,20.0,4096.0,1000000.0,1048576.0,1048576.0,50.0,33554432.0,1742.4694590562985,1742.4076822916666,1742.4076822916666,446072.1815184124,446056.36666666664,446056.36666666664,0.003545357097130633,consumer,True,103.0,168.0,218.0,275.0,1342898.0,0.3069995479934857,0.1050093681551516,0.0,13429010.0,13429010.0,41227.0,0.0,0.0,0.0,eligible and all shared qualification thresholds satisfied
kafka,cfg_037,56,one-factor:consumer_fetch_min_bytes=4194304,one-factor,completed,True,True,40.0,40.0,120.0,1048576.0,20.0,4096.0,1000000.0,1048576.0,4194304.0,50.0,8388608.0,1743.3067349500636,1741.6809895833333,1741.6809895833333,446286.5241472163,445870.3333333333,445870.3333333333,0.093256415187138,consumer,True,132.0,194.0,236.0,289.0,1343725.0,0.3211595590346415,0.1089270100928843,0.0,13437246.0,13437246.0,43155.0,0.0,0.0,0.0,eligible and all shared qualification thresholds satisfied
kafka,cfg_038,57,one-factor:consumer_fetch_min_bytes=8388608,one-factor,completed,True,True,40.0,40.0,120.0,1048576.0,20.0,4096.0,1000000.0,1048576.0,8388608.0,50.0,8388608.0,1740.4692734388616,1738.49296875,1738.49296875,445560.13400034857,445054.2,445054.2,0.11355010507923047,consumer,True,131.0,193.0,235.0,289.0,1341317.0,0.28991657377909724,0.1040185852907598,0.0,13413169.0,13413169.0,38887.0,0.0,0.0,0.0,eligible and all shared qualification thresholds satisfied
kafka,cfg_017,58,one-factor:partitions=240,one-factor,completed,True,True,40.0,40.0,240.0,1048576.0,20.0,4096.0,1000000.0,1048576.0,1048576.0,50.0,8388608.0,1735.630841159534,1732.8779947916667,1732.8779947916667,444321.4953368407,443616.76666666666,443616.76666666666,0.15860782734352463,consumer,True,139.0,284.0,392.0,548.0,1338124.0,0.4038717220966774,0.11609098198823631,0.0,13381229.0,13381229.0,54043.0,0.0,0.0,0.0,eligible and all shared qualification thresholds satisfied
kafka,cfg_080,59,seeded-mixed,seeded-mixed,completed,True,True,40.0,16.0,180.0,1048576.0,20.0,4096.0,1000000.0,2097152.0,8388608.0,100.0,8388608.0,1731.8947003944015,1730.521875,1730.521875,443365.0433009668,443013.6,443013.6,0.07926725534115814,consumer,True,160.0,258.0,335.0,450.0,1335979.0,0.3737781624809241,0.1326865190640092,0.0,13359796.0,13359796.0,49936.0,0.0,0.0,0.0,eligible and all shared qualification thresholds satisfied
kafka,cfg_084,60,seeded-mixed,seeded-mixed,completed,True,True,40.0,56.0,240.0,4194304.0,40.0,4096.0,1000000.0,524288.0,2097152.0,25.0,16777216.0,1706.2046792711817,1705.6748697916667,1705.6748697916667,436788.3978934225,436652.76666666666,436652.76666666666,0.031051929815440665,consumer,True,131.0,223.0,329.0,522.0,1316494.0,0.4163409591740359,0.14021076494827867,0.0,13164931.0,13164931.0,54811.0,0.0,0.0,0.0,eligible and all shared qualification thresholds satisfied
kafka,cfg_120,61,seeded-mixed,seeded-mixed,completed,True,True,56.0,24.0,60.0,4194304.0,80.0,2048.0,500000.0,2097152.0,2097152.0,10.0,4194304.0,1653.7962066221614,1652.9345703125,1652.9345703125,846743.6577905467,846302.5,846302.5,0.05210051312315598,consumer,True,53.3,90.8,96.5,103.0,2543483.0,0.1437597194584019,0.03834988619200885,0.0,25434802.0,25434802.0,36565.0,0.0,0.0,0.0,eligible and all shared qualification thresholds satisfied
kafka,cfg_063,62,seeded-mixed,seeded-mixed,completed,True,True,24.0,56.0,180.0,2097152.0,80.0,8192.0,500000.0,1048576.0,1048576.0,25.0,16777216.0,1553.210215112476,1551.90078125,1551.90078125,198810.90753439692,198643.3,198643.3,0.08430499939643879,consumer,True,67.5,106.0,114.0,227.0,597296.0,0.16700293272217795,0.04328188195358962,0.0,5972949.0,5972949.0,9975.0,0.0,0.0,0.0,eligible and all shared qualification thresholds satisfied
kafka,cfg_054,63,seeded-mixed,seeded-mixed,completed,True,True,56.0,16.0,60.0,1048576.0,5.0,2048.0,500000.0,2097152.0,262144.0,10.0,33554432.0,1542.0117838508763,1542.2136067708334,1542.0117838508763,789510.0333316487,789613.3666666667,789510.0333316487,0.013086573680260427,producer,True,190.0,347.0,393.0,447.0,2384373.0,0.6439254759936491,0.20066553307697177,0.0,23843753.0,23843753.0,153536.0,0.0,0.0,0.0,eligible and all shared qualification thresholds satisfied
kafka,cfg_077,64,seeded-mixed,seeded-mixed,completed,True,True,56.0,32.0,60.0,524288.0,5.0,2048.0,2000000.0,1048576.0,1048576.0,100.0,8388608.0,1537.4882195429723,1537.6564453125,1537.4882195429723,787193.9684060018,787280.1,787193.9684060018,0.010940400246135056,producer,True,198.0,363.0,412.0,465.0,2377358.0,0.6132347197658916,0.20041987497825176,0.0,23773605.0,23773605.0,145788.0,0.0,0.0,0.0,eligible and all shared qualification thresholds satisfied
kafka,cfg_070,65,seeded-mixed,seeded-mixed,completed,True,True,56.0,40.0,60.0,4194304.0,5.0,2048.0,2000000.0,1048576.0,8388608.0,25.0,16777216.0,1534.1133536239163,1534.5767578125,1534.1133536239163,785466.0370554451,785703.3,785466.0370554451,0.030197524250554893,producer,True,198.0,359.0,414.0,474.0,2371195.0,0.5396774334215224,0.1883160419529304,0.0,23711942.0,23711942.0,127968.0,0.0,0.0,0.0,eligible and all shared qualification thresholds satisfied
kafka,cfg_118,66,seeded-mixed,seeded-mixed,completed,True,True,24.0,40.0,60.0,4194304.0,5.0,8192.0,2000000.0,1048576.0,2097152.0,25.0,4194304.0,1461.5224578471361,1461.3033854166667,1461.3033854166667,187074.87460443343,187046.83333333334,187046.83333333334,0.014989330426854727,consumer,True,57.1,84.6,94.3,110.0,562109.0,0.1273782688047951,0.04699608590453863,0.0,5621053.0,5621053.0,7160.0,0.0,0.0,0.0,eligible and all shared qualification thresholds satisfied
kafka,cfg_057,67,seeded-mixed,seeded-mixed,completed,True,True,24.0,64.0,120.0,262144.0,0.0,8192.0,500000.0,1048576.0,2097152.0,50.0,4194304.0,1431.061589737295,1430.2723958333333,1430.2723958333333,183175.88348637376,183074.86666666667,183074.86666666667,0.055147445059056256,consumer,True,97.7,153.0,190.0,246.0,550835.0,0.22269806503030395,0.07130972435697913,0.0,5508355.0,5508355.0,12267.0,0.0,0.0,0.0,eligible and all shared qualification thresholds satisfied
kafka,cfg_004,68,one-factor:producer_ranks=32,one-factor,completed,True,True,32.0,40.0,120.0,1048576.0,20.0,4096.0,1000000.0,1048576.0,1048576.0,50.0,8388608.0,1378.2192652455774,1377.9545572916666,1377.9545572916666,352824.1319028678,352756.36666666664,352756.36666666664,0.019206519643567902,consumer,True,82.3,124.0,159.0,297.0,1060880.0,0.19214173846609925,0.0683096928987652,0.0,10608835.0,10608835.0,20384.0,0.0,0.0,0.0,eligible and all shared qualification thresholds satisfied
kafka,cfg_102,69,seeded-mixed,seeded-mixed,completed,True,True,32.0,24.0,180.0,4194304.0,40.0,4096.0,1000000.0,1048576.0,4194304.0,25.0,33554432.0,1375.1069967865196,1375.047265625,1375.047265625,352027.391177349,352012.1,352012.1,0.00434374646186128,consumer,True,51.8,77.7,90.3,116.0,1057862.0,0.104077857421654,0.05051954695954919,0.0,10578619.0,10578619.0,11010.0,0.0,0.0,0.0,eligible and all shared qualification thresholds satisfied
kafka,cfg_046,70,rank-pair:32x32,rank-pair,completed,True,True,32.0,32.0,120.0,1048576.0,20.0,4096.0,1000000.0,1048576.0,1048576.0,50.0,8388608.0,1371.1792863718683,1371.3311197916667,1371.1792863718683,351021.8973111983,351060.76666666666,351021.8973111983,0.011071973617968273,producer,True,68.6,118.0,136.0,169.0,1055608.0,0.18561874398804248,0.07232027594000101,0.0,10556046.0,10556046.0,19594.0,0.0,0.0,0.0,eligible and all shared qualification thresholds satisfied
kafka,cfg_093,71,seeded-mixed,seeded-mixed,completed,True,True,48.0,56.0,90.0,524288.0,5.0,2048.0,1000000.0,524288.0,1048576.0,50.0,33554432.0,1299.749270787642,1299.8576171875,1299.749270787642,665471.6266432727,665527.1,665471.6266432727,0.008335251371022737,producer,True,199.0,360.0,416.0,480.0,2010257.0,0.6188565962031596,0.2079579778946936,0.0,20102557.0,20102557.0,124406.0,0.0,0.0,0.0,eligible and all shared qualification thresholds satisfied
kafka,cfg_055,72,seeded-mixed,seeded-mixed,completed,True,True,16.0,16.0,60.0,524288.0,5.0,16384.0,2000000.0,524288.0,8388608.0,25.0,33554432.0,1264.7770029853514,1264.0046875,1264.0046875,80945.72819106249,80896.3,80896.3,0.06106337192472441,consumer,True,24.5,38.9,42.7,47.7,242880.0,0.01663370804466233,0.005208007991313934,0.0,2428803.0,2428803.0,404.0,0.0,0.0,0.0,eligible and all shared qualification thresholds satisfied
kafka,cfg_028,73,one-factor:payload_size_bytes=2048,one-factor,completed,True,True,40.0,40.0,120.0,1048576.0,20.0,2048.0,1000000.0,1048576.0,1048576.0,50.0,8388608.0,1070.4373378108783,1069.8559895833334,1069.8559895833334,548063.9169591697,547766.2666666667,547766.2666666667,0.05430941233175979,consumer,True,137.0,172.0,189.0,222.0,1650661.0,0.37105691821323694,0.1180648289155215,0.0,16506632.0,16506632.0,61249.0,0.0,0.0,0.0,eligible and all shared qualification thresholds satisfied
kafka,cfg_114,74,seeded-mixed,seeded-mixed,completed,True,True,40.0,32.0,180.0,524288.0,20.0,2048.0,2000000.0,2097152.0,262144.0,100.0,4194304.0,1055.8773370300876,1056.0375,1055.8773370300876,540609.1965594048,540691.2,540609.1965594048,0.01516640932848834,producer,True,149.0,244.0,304.0,369.0,1630439.0,0.4981479225784166,0.15926900110207498,0.0,16304394.0,16304394.0,81220.0,0.0,0.0,0.0,eligible and all shared qualification thresholds satisfied
kafka,cfg_003,75,one-factor:producer_ranks=24,one-factor,completed,True,True,24.0,40.0,120.0,1048576.0,20.0,4096.0,1000000.0,1048576.0,1048576.0,50.0,8388608.0,1029.1031345070066,1028.3559895833334,1028.3559895833334,263450.4024337937,263259.13333333336,263259.13333333336,0.07260155941815541,consumer,True,36.0,57.6,62.6,67.6,790773.0,0.04658720285957411,0.01605672389268875,0.0,7907751.0,7907751.0,3684.0,0.0,0.0,0.0,eligible and all shared qualification thresholds satisfied
kafka,cfg_045,76,rank-pair:24x24,rank-pair,completed,True,True,24.0,24.0,120.0,1048576.0,20.0,4096.0,1000000.0,1048576.0,1048576.0,50.0,8388608.0,1022.7339022693633,1022.325390625,1022.325390625,261819.878980957,261715.3,261715.3,0.0399431018622611,consumer,True,28.2,43.6,47.0,52.6,785909.0,0.04634128434576909,0.017058120109140873,0.0,7859083.0,7859083.0,3642.0,0.0,0.0,0.0,eligible and all shared qualification thresholds satisfied
kafka,cfg_050,77,rank-pair:24x48,rank-pair,completed,True,True,24.0,48.0,120.0,1048576.0,20.0,4096.0,1000000.0,1048576.0,1048576.0,50.0,8388608.0,1020.3992250074919,1019.5837239583333,1019.5837239583333,261222.2016019179,261013.43333333332,261013.43333333332,0.07991980287446636,consumer,True,38.4,64.8,74.6,169.0,784092.0,0.04618074641656028,0.016304059885442257,0.0,7840930.0,7840930.0,3621.0,0.0,0.0,0.0,eligible and all shared qualification thresholds satisfied
kafka,cfg_089,78,seeded-mixed,seeded-mixed,completed,True,True,24.0,56.0,120.0,4194304.0,20.0,4096.0,500000.0,524288.0,4194304.0,50.0,4194304.0,1019.8026789640803,1018.6350260416667,1018.6350260416667,261069.48581480456,260770.56666666668,260770.56666666668,0.11449792655964595,consumer,True,49.4,78.4,84.7,91.1,783780.0,0.05542380069478787,0.021841992042027414,0.0,7837788.0,7837788.0,4344.0,0.0,0.0,0.0,eligible and all shared qualification thresholds satisfied
kafka,cfg_094,79,seeded-mixed,seeded-mixed,completed,True,True,64.0,56.0,90.0,1048576.0,5.0,1024.0,1000000.0,524288.0,4194304.0,25.0,8388608.0,1000.9456389151784,999.76787109375,999.76787109375,1024968.3342491427,1023762.3,1023762.3,0.11766551305471572,consumer,True,359.0,642.0,712.0,785.0,3111207.0,1.2294492479942103,0.3541236559394747,0.0,31112061.0,31112061.0,382507.0,0.0,0.0,0.0,eligible and all shared qualification thresholds satisfied
kafka,cfg_111,80,seeded-mixed,seeded-mixed,completed,True,True,16.0,40.0,180.0,1048576.0,40.0,8192.0,1000000.0,524288.0,1048576.0,100.0,33554432.0,995.2491593154949,994.3276041666667,994.3276041666667,127391.89239238335,127273.93333333333,127273.93333333333,0.09259542097599635,consumer,True,49.6,78.6,86.8,95.3,382457.0,0.0914356176375306,0.02187780709937215,0.0,3824549.0,3824549.0,3497.0,0.0,0.0,0.0,eligible and all shared qualification thresholds satisfied
kafka,cfg_090,81,seeded-mixed,seeded-mixed,completed,True,True,16.0,32.0,90.0,1048576.0,5.0,8192.0,2000000.0,2097152.0,4194304.0,10.0,4194304.0,938.5146309103644,938.3270833333333,938.3270833333333,120129.87275652665,120105.86666666667,120105.86666666667,0.019983447338391136,consumer,True,11.4,17.4,19.5,26.6,360455.0,0.015702297751075858,0.005494571989402175,0.0,3604568.0,3604568.0,566.0,0.0,0.0,0.0,eligible and all shared qualification thresholds satisfied
kafka,cfg_059,82,seeded-mixed,seeded-mixed,completed,True,True,56.0,16.0,60.0,524288.0,10.0,1024.0,500000.0,524288.0,4194304.0,50.0,33554432.0,880.6530658115109,879.8483072916666,879.8483072916666,901788.7393909872,900964.6666666666,900964.6666666666,0.0913820153572892,consumer,True,219.0,353.0,399.0,452.0,2723003.0,0.6071792691696744,0.1955241896212101,0.0,27230014.0,27230014.0,165335.0,0.0,0.0,0.0,eligible and all shared qualification thresholds satisfied
kafka,cfg_117,83,seeded-mixed,seeded-mixed,completed,True,True,32.0,24.0,60.0,262144.0,0.0,2048.0,500000.0,524288.0,8388608.0,25.0,8388608.0,848.3947206669045,848.5399739583333,848.3947206669045,434378.0969814551,434452.4666666667,434378.0969814551,0.01711802577211012,producer,True,194.0,335.0,366.0,397.0,1311683.0,0.5771747355019221,0.1967596858739853,0.0,13116825.0,13116825.0,75707.0,0.0,0.0,0.0,eligible and all shared qualification thresholds satisfied
kafka,cfg_058,84,seeded-mixed,seeded-mixed,completed,True,True,56.0,40.0,240.0,262144.0,20.0,1024.0,2000000.0,1048576.0,8388608.0,50.0,8388608.0,841.2740717401747,841.2321940104167,841.2321940104167,861464.6494619389,861421.7666666667,861421.7666666667,0.004977893788090585,consumer,True,331.0,564.0,665.0,763.0,2612365.0,0.9627858935128906,0.3246597060933709,0.0,26123669.0,26123669.0,251515.0,0.0,0.0,0.0,eligible and all shared qualification thresholds satisfied
kafka,cfg_110,85,seeded-mixed,seeded-mixed,completed,True,True,32.0,32.0,120.0,4194304.0,0.0,2048.0,500000.0,524288.0,4194304.0,25.0,8388608.0,832.4755569166375,833.1501302083333,832.4755569166375,426227.4851413184,426572.86666666664,426227.4851413184,0.08096659500336208,producer,True,199.0,343.0,385.0,427.0,1287916.0,0.5905261300145126,0.2166655210312456,0.0,12879193.0,12879193.0,76055.0,0.0,0.0,0.0,eligible and all shared qualification thresholds satisfied
kafka,cfg_082,86,seeded-mixed,seeded-mixed,completed,True,True,48.0,40.0,240.0,4194304.0,5.0,1024.0,2000000.0,524288.0,1048576.0,10.0,4194304.0,716.1572790704072,716.4204427083333,716.1572790704072,733345.053768097,733614.5333333333,733345.053768097,0.03673312795643928,producer,True,405.0,732.0,830.0,931.0,2234596.0,1.4934317277516949,0.4713001990457997,0.0,22345983.0,22345983.0,333722.0,0.0,0.0,0.0,eligible and all shared qualification thresholds satisfied
kafka,cfg_002,87,one-factor:producer_ranks=16,one-factor,completed,True,True,16.0,40.0,120.0,1048576.0,20.0,4096.0,1000000.0,1048576.0,1048576.0,50.0,8388608.0,681.0843059894218,680.3354166666667,680.3354166666667,174357.58233329197,174165.86666666667,174165.86666666667,0.10995545135446234,consumer,True,42.1,68.6,73.0,76.4,523302.0,0.04773549718966337,0.012971027055755258,0.0,5233003.0,5233003.0,2498.0,0.0,0.0,0.0,eligible and all shared qualification thresholds satisfied
kafka,cfg_106,88,seeded-mixed,seeded-mixed,completed,True,True,24.0,24.0,60.0,262144.0,20.0,2048.0,500000.0,2097152.0,8388608.0,100.0,4194304.0,680.8983902809624,679.7338541666667,679.7338541666667,348619.97582385276,348023.73333333334,348023.73333333334,0.17102935341280723,consumer,True,76.2,125.0,135.0,143.0,1046198.0,0.03964837966401344,0.009625623933970928,0.0,10461966.0,10461966.0,4148.0,0.0,0.0,0.0,eligible and all shared qualification thresholds satisfied
kafka,cfg_091,89,seeded-mixed,seeded-mixed,completed,True,True,16.0,56.0,90.0,4194304.0,0.0,4096.0,2000000.0,2097152.0,1048576.0,100.0,8388608.0,631.5849341530059,630.784765625,630.784765625,161685.7431431695,161480.9,161480.9,0.12669214934313763,consumer,True,108.0,161.0,183.0,204.0,486263.0,0.23836836024531521,0.07462708395905793,0.0,4862642.0,4862642.0,11591.0,0.0,0.0,0.0,eligible and all shared qualification thresholds satisfied
kafka,cfg_027,90,one-factor:payload_size_bytes=1024,one-factor,completed,True,True,40.0,40.0,120.0,1048576.0,20.0,1024.0,1000000.0,1048576.0,1048576.0,50.0,8388608.0,613.3331690151235,613.8009440104166,613.3331690151235,628053.1650714865,628532.1666666666,628053.1650714865,0.0762095594439424,producer,True,199.0,257.0,277.0,311.0,1893725.0,0.3360775122195363,0.1523425851482898,0.0,18937298.0,18937298.0,63644.0,0.0,0.0,0.0,eligible and all shared qualification thresholds satisfied
kafka,cfg_085,91,seeded-mixed,seeded-mixed,completed,True,True,40.0,24.0,120.0,2097152.0,10.0,1024.0,500000.0,1048576.0,8388608.0,10.0,4194304.0,606.7061818109252,606.6325520833333,606.6325520833333,621267.1301743874,621191.7333333333,621191.7333333333,0.012135977809242889,consumer,True,216.0,366.0,419.0,483.0,1877621.0,0.7196456191901806,0.22238736308645457,0.0,18776186.0,18776186.0,135122.0,0.0,0.0,0.0,eligible and all shared qualification thresholds satisfied
kafka,cfg_056,92,seeded-mixed,seeded-mixed,completed,True,True,24.0,40.0,240.0,1048576.0,0.0,2048.0,2000000.0,1048576.0,2097152.0,50.0,8388608.0,575.6982961323989,575.8283854166667,575.6982961323989,294757.52761978825,294824.13333333336,294757.52761978825,0.02259167619423012,producer,True,184.0,297.0,351.0,406.0,889635.0,0.485953906543573,0.18174035707488656,0.0,8896317.0,8896317.0,43232.0,0.0,0.0,0.0,eligible and all shared qualification thresholds satisfied
kafka,cfg_076,93,seeded-mixed,seeded-mixed,completed,True,True,32.0,40.0,180.0,2097152.0,80.0,1024.0,2000000.0,2097152.0,262144.0,10.0,33554432.0,524.4301885555266,524.14296875,524.14296875,537016.5130808592,536722.4,536722.4,0.05476797709103208,consumer,True,52.3,88.9,92.8,209.0,1612968.0,0.1497054992080432,0.03563857008703053,0.0,16129668.0,16129668.0,24147.0,0.0,0.0,0.0,eligible and all shared qualification thresholds satisfied
kafka,cfg_074,94,seeded-mixed,seeded-mixed,completed,True,True,16.0,64.0,120.0,262144.0,40.0,2048.0,1000000.0,2097152.0,4194304.0,25.0,8388608.0,451.7382373538772,451.4124348958333,451.4124348958333,231289.97752518512,231123.16666666666,231123.16666666666,0.07212195716535243,consumer,True,38.5,62.0,66.3,69.0,694209.0,0.07725350327279432,0.014593336032703519,0.0,6942080.0,6942080.0,5363.0,0.0,0.0,0.0,eligible and all shared qualification thresholds satisfied
kafka,cfg_073,95,seeded-mixed,seeded-mixed,completed,True,True,16.0,48.0,240.0,524288.0,40.0,2048.0,500000.0,524288.0,262144.0,25.0,4194304.0,409.40777000260846,409.2152994791667,409.2152994791667,209616.77824133553,209518.23333333334,209518.23333333334,0.04701193713068953,consumer,True,41.8,62.6,65.7,67.3,629316.0,0.0899070086946656,0.02219807996880263,0.0,6293169.0,6293169.0,5658.0,0.0,0.0,0.0,eligible and all shared qualification thresholds satisfied
kafka,cfg_115,96,seeded-mixed,seeded-mixed,completed,True,True,16.0,56.0,180.0,524288.0,20.0,2048.0,500000.0,1048576.0,4194304.0,50.0,8388608.0,397.4013638601847,397.00670572916664,397.00670572916664,203469.49829641456,203267.43333333332,203267.43333333332,0.09930970724018398,consumer,True,41.8,68.1,72.4,76.0,610702.0,0.048321574428569956,0.014270265121012926,0.0,6107003.0,6107003.0,2951.0,0.0,0.0,0.0,eligible and all shared qualification thresholds satisfied
kafka,cfg_092,97,seeded-mixed,seeded-mixed,completed,True,True,16.0,32.0,120.0,262144.0,10.0,2048.0,2000000.0,524288.0,262144.0,50.0,33554432.0,395.07267507335087,394.9505859375,394.9505859375,202277.20963755564,202214.7,202214.7,0.030902956229046943,consumer,True,18.3,29.8,34.3,39.0,607010.0,0.02574915969272999,0.008748306194320321,0.0,6070101.0,6070101.0,1563.0,0.0,0.0,0.0,eligible and all shared qualification thresholds satisfied
kafka,cfg_097,98,seeded-mixed,seeded-mixed,completed,True,True,16.0,32.0,90.0,4194304.0,10.0,1024.0,500000.0,2097152.0,4194304.0,50.0,16777216.0,238.13266109404552,237.9140625,237.9140625,243847.8449603026,243624.0,243624.0,0.09179698116218754,consumer,True,34.4,58.0,61.7,64.7,731716.0,0.023984718659250125,0.007029601139947772,0.0,7317159.0,7317159.0,1755.0,0.0,0.0,0.0,eligible and all shared qualification thresholds satisfied
kafka,cfg_067,99,seeded-mixed,seeded-mixed,completed,True,True,16.0,32.0,180.0,524288.0,20.0,1024.0,2000000.0,2097152.0,2097152.0,25.0,4194304.0,228.840896403422,228.748828125,228.748828125,234333.07791710412,234238.8,234238.8,0.04023244090938112,consumer,True,27.9,44.0,46.4,48.9,703312.0,0.046409030196297114,0.013298399979248643,0.0,7033114.0,7033114.0,3264.0,0.0,0.0,0.0,eligible and all shared qualification thresholds satisfied
kafka,cfg_101,100,seeded-mixed,seeded-mixed,completed,True,False,40.0,56.0,180.0,524288.0,40.0,16384.0,1000000.0,1048576.0,8388608.0,10.0,16777216.0,3079.9830166212396,3180.9098958333334,3079.9830166212396,197118.91306375933,203578.23333333334,197118.91306375933,3.1728933706766638,producer,True,676.0,4880.0,7790.0,11300.0,647267.0,5.599367805836672,2.8363780381623656,0.0,6472695.0,6472695.0,362430.0,0.0,0.0,0.0,producer backlog 5.599368% > 5%
kafka,cfg_066,101,seeded-mixed,seeded-mixed,completed,True,False,40.0,48.0,180.0,4194304.0,10.0,16384.0,500000.0,2097152.0,262144.0,50.0,16777216.0,3054.525698042913,3124.4234375,3054.525698042913,195489.64467474644,199963.1,195489.64467474644,2.2371404150333585,producer,True,1090.0,6350.0,9900.0,14300.0,650205.0,7.718087671853122,3.260278842994012,0.0,6502064.0,6502064.0,501835.0,0.0,0.0,0.0,producer backlog 7.718088% > 5%
kafka,cfg_087,102,seeded-mixed,seeded-mixed,completed,True,False,40.0,64.0,240.0,1048576.0,40.0,16384.0,500000.0,2097152.0,8388608.0,50.0,4194304.0,2991.774852730684,3059.3317708333334,2991.774852730684,191473.59057476377,195797.23333333334,191473.59057476377,2.2082246439145616,producer,True,1690.0,7690.0,11800.0,16700.0,649614.0,9.396587355404407,3.927042176015675,0.0,6496135.0,6496135.0,610415.0,0.0,0.0,0.0,producer backlog 9.396587% > 5%
kafka,cfg_075,103,seeded-mixed,seeded-mixed,completed,True,False,56.0,48.0,240.0,2097152.0,5.0,8192.0,1000000.0,524288.0,262144.0,10.0,33554432.0,2894.929200111863,2958.1315104166665,2894.929200111863,370550.93761431845,378640.8333333333,370550.93761431845,2.1365618831429605,producer,True,3560.0,13700.0,19000.0,24900.0,1408273.0,19.28983630327591,8.002401184057817,0.021859076472122544,14085682.0,14082603.0,2717105.0,0.0,0.0,0.0,producer backlog 19.289836% > 5%
kafka,cfg_105,104,seeded-mixed,seeded-mixed,completed,True,False,48.0,64.0,60.0,2097152.0,20.0,16384.0,500000.0,2097152.0,4194304.0,100.0,33554432.0,2847.0369924031215,2942.9645833333334,2847.0369924031215,182210.36751379978,188349.73333333334,182210.36751379978,3.2595564171404328,producer,True,6480.0,15500.0,19000.0,22200.0,784287.0,27.8301278736964,13.042475720867515,0.0,7842817.0,7842817.0,2182666.0,0.0,0.0,0.0,producer backlog 27.830128% > 5%; flush 13.042476 s > 10 s
kafka,cfg_072,105,seeded-mixed,seeded-mixed,completed,True,False,56.0,56.0,120.0,2097152.0,40.0,8192.0,500000.0,524288.0,1048576.0,10.0,16777216.0,2835.3244940233703,2910.51328125,2835.3244940233703,362921.5352349914,372545.7,362921.5352349914,2.5833514559444946,producer,True,3710.0,13600.0,18200.0,23500.0,1386674.0,19.359952228077205,8.208589221932925,0.06618654039335589,13875933.0,13866749.0,2686374.0,0.0,0.0,0.0,producer backlog 19.359952% > 5%
kafka,cfg_098,106,seeded-mixed,seeded-mixed,completed,True,False,40.0,48.0,240.0,262144.0,20.0,16384.0,500000.0,1048576.0,262144.0,100.0,4194304.0,2825.196155503186,2898.397916666667,2825.196155503186,180812.55395220392,185497.46666666667,180812.55395220392,2.525593906293827,producer,True,2750.0,8690.0,11500.0,14700.0,645903.0,13.83270199684195,5.722239943919703,0.0,6459049.0,6459049.0,893461.0,0.0,0.0,0.0,producer backlog 13.832702% > 5%
kafka,cfg_071,107,seeded-mixed,seeded-mixed,completed,True,False,48.0,64.0,240.0,2097152.0,5.0,16384.0,2000000.0,2097152.0,1048576.0,50.0,33554432.0,2742.975442551369,2763.659375,2742.975442551369,175550.4283232876,176874.2,175550.4283232876,0.7484255344829305,producer,True,7350.0,19100.0,24200.0,29400.0,780701.0,31.99771436388572,14.471624084981158,0.0,7807017.0,7807017.0,2498067.0,0.0,0.0,0.0,producer backlog 31.997714% > 5%; flush 14.471624 s > 10 s
kafka,cfg_112,108,seeded-mixed,seeded-mixed,completed,True,False,64.0,48.0,60.0,4194304.0,20.0,8192.0,500000.0,1048576.0,2097152.0,100.0,33554432.0,2682.5105660440254,2760.25234375,2682.5105660440254,343361.35245363525,353312.3,343361.35245363525,2.816473569237397,producer,True,8230.0,20000.0,24400.0,28600.0,1614740.0,34.279211935699884,17.02685811696574,0.018557039988037302,16150205.0,16147208.0,5536163.0,0.0,0.0,0.0,producer backlog 34.279212% > 5%; flush 17.026858 s > 10 s
kafka,cfg_099,109,seeded-mixed,seeded-mixed,completed,True,False,48.0,64.0,240.0,524288.0,10.0,8192.0,500000.0,2097152.0,2097152.0,50.0,4194304.0,2681.977538107488,2978.703125,2681.977538107488,343293.12487775844,381274.0,343293.12487775844,9.96156966439924,producer,True,614.0,7240.0,13000.0,19300.0,1220033.0,6.174436001235048,5.539023075019941,0.0,12200337.0,12200337.0,753302.0,0.0,0.0,0.0,producer backlog 6.174436% > 5%
kafka,cfg_030,110,one-factor:payload_size_bytes=16384,one-factor,completed,True,False,40.0,40.0,120.0,1048576.0,20.0,16384.0,1000000.0,1048576.0,1048576.0,50.0,8388608.0,2621.4172239738177,2640.5583333333334,2621.4172239738177,167770.70233432433,168995.73333333334,167770.70233432433,0.7248887145527556,producer,True,4100.0,14700.0,19100.0,24100.0,652935.0,22.1507679345132,8.918218369130045,0.01081155746304507,6530049.0,6529343.0,1446456.0,0.0,0.0,0.0,producer backlog 22.150768% > 5%
kafka,cfg_079,111,seeded-mixed,seeded-mixed,completed,True,False,64.0,64.0,90.0,524288.0,20.0,8192.0,1000000.0,524288.0,4194304.0,10.0,8388608.0,2715.1937446482025,2598.996875,2598.996875,347544.7993149699,332671.6,332671.6,4.279505647699474,consumer,True,8190.0,16000.0,19500.0,24000.0,1414771.0,29.28259034422879,10.707097345031798,0.35970351522448846,14198638.0,14147565.0,4157729.0,0.0,0.0,0.0,producer backlog 29.282590% > 5%; flush 10.707097 s > 10 s; failed sends 0.359704% > 0.1%
kafka,cfg_083,112,seeded-mixed,seeded-mixed,completed,True,False,56.0,64.0,90.0,2097152.0,0.0,16384.0,500000.0,2097152.0,8388608.0,10.0,4194304.0,2580.7596981897786,2503.86875,2503.86875,165168.62068414583,160247.6,160247.6,2.979392007853817,consumer,True,13300.0,26300.0,30300.0,34200.0,910516.0,47.14565681677452,25.12621965399012,0.0,9105142.0,9105142.0,4292679.0,0.0,0.0,0.0,producer backlog 47.145657% > 5%; flush 25.126220 s > 10 s
kafka,cfg_119,113,seeded-mixed,seeded-mixed,completed,True,False,64.0,64.0,90.0,1048576.0,0.0,16384.0,500000.0,1048576.0,8388608.0,100.0,33554432.0,2617.842676688674,2239.071875,2239.071875,167541.93130807515,143300.6,143300.6,14.468814534255497,consumer,True,16000.0,27000.0,31700.0,36600.0,850519.0,48.99983479560285,20.762617376167327,0.4891547759280813,8546988.0,8505180.0,4188010.0,0.0,0.0,0.0,producer backlog 48.999835% > 5%; flush 20.762617 s > 10 s; failed sends 0.489155% > 0.1%
kafka,cfg_108,114,seeded-mixed,seeded-mixed,completed,False,False,48.0,64.0,240.0,2097152.0,40.0,8192.0,500000.0,2097152.0,4194304.0,100.0,16777216.0,3010.4155326468394,3062.565885416667,3010.4155326468394,385333.18817879545,392008.43333333335,385333.18817879545,1.7028320278155327,producer,False,692.0,3280.0,5410.0,8960.0,1221211.0,3.542388063539126,1.6923249429091811,0.0,12212129.0,12212129.0,432601.0,0.0,0.0,0.0,"latency invalid: clock limits, envelope integrity, exact sample completeness, or negative-latency checks failed"
kafka,cfg_100,115,seeded-mixed,seeded-mixed,completed,False,False,56.0,32.0,240.0,1048576.0,80.0,8192.0,1000000.0,1048576.0,2097152.0,25.0,8388608.0,2834.1986131976555,3001.190625,2834.1986131976555,362777.4224892999,384152.4,362777.4224892999,5.564192104669948,producer,False,3380.0,12900.0,18300.0,25200.0,1422766.0,18.940823719431023,9.218638130929321,0.0,14227660.0,14227660.0,2694836.0,0.0,0.0,0.0,"latency invalid: clock limits, envelope integrity, exact sample completeness, or negative-latency checks failed; producer backlog 18.940824% > 5%"
kafka,cfg_103,116,seeded-mixed,seeded-mixed,completed,False,False,64.0,64.0,90.0,262144.0,10.0,16384.0,2000000.0,2097152.0,8388608.0,50.0,4194304.0,2525.488538615322,1923.6302083333333,1923.6302083333333,161631.2664713806,123112.33333333333,123112.33333333333,23.83136256923883,consumer,False,20800.0,33900.0,38100.0,40700.0,979462.0,64.28336740319743,30.084869904909283,0.0,10369379.0,10369379.0,6665786.0,0.0,0.0,0.0,"unexplained surplus records: 83350; latency invalid: clock limits, envelope integrity, exact sample completeness, or negative-latency checks failed; producer backlog 64.283367% > 5%; flush 30.084870 s > 10 s"
kafka,cfg_109,117,seeded-mixed,seeded-mixed,completed,False,False,64.0,24.0,120.0,4194304.0,20.0,2048.0,1000000.0,1048576.0,262144.0,50.0,8388608.0,1776.1690397622388,1776.8186848958333,1776.1690397622388,909398.5483582662,909731.1666666666,909398.5483582662,0.03656226373106773,producer,False,176.0,338.0,432.0,571.0,2747299.0,0.6521780277523185,0.2100205970928073,0.0,27473020.0,27473020.0,179173.0,0.0,0.0,0.0,"latency invalid: clock limits, envelope integrity, exact sample completeness, or negative-latency checks failed"
kafka,cfg_039,118,one-factor:consumer_fetch_wait_max_ms=10,one-factor,completed,False,False,40.0,40.0,120.0,1048576.0,20.0,4096.0,1000000.0,1048576.0,1048576.0,10.0,8388608.0,1741.0309530901213,1741.2518229166667,1741.0309530901213,445703.92399107106,445760.4666666667,445703.92399107106,0.012684542444607573,producer,False,97.6,153.0,195.0,249.0,1341776.0,0.3123698784900326,0.1045332970097661,0.0,13417747.0,13417747.0,41913.0,0.0,0.0,0.0,"latency invalid: clock limits, envelope integrity, exact sample completeness, or negative-latency checks failed"
kafka,cfg_051,119,rank-pair:32x56,rank-pair,completed,False,False,32.0,56.0,120.0,1048576.0,20.0,4096.0,1000000.0,1048576.0,1048576.0,50.0,8388608.0,1363.381708211607,1362.612890625,1362.612890625,349025.7173021714,348828.9,348828.9,0.056390487123038506,consumer,False,94.3,127.0,139.0,157.0,1049757.0,0.2343494286107302,0.07673346903175116,0.0,10497572.0,10497572.0,24601.0,0.0,0.0,0.0,"latency invalid: clock limits, envelope integrity, exact sample completeness, or negative-latency checks failed"
kafka,cfg_069,120,seeded-mixed,seeded-mixed,completed,False,False,40.0,16.0,60.0,1048576.0,10.0,2048.0,500000.0,524288.0,8388608.0,10.0,4194304.0,1087.6807111733694,1087.483984375,1087.483984375,556892.5241207652,556791.8,556791.8,0.018086815032062987,consumer,False,106.0,151.0,168.0,196.0,1676450.0,0.33056812048718265,0.10358250106219202,0.0,16764472.0,16764472.0,55418.0,0.0,0.0,0.0,"latency invalid: clock limits, envelope integrity, exact sample completeness, or negative-latency checks failed"
