objective,pareto_order,config_id,balanced_mib_per_sec,balanced_records_per_sec,latency_p99_ms,backlog_percent,flush_sec,failed_send_percent,definition
byte_throughput,1,cfg_107,3001.52918917343,384195.73621419905,5890.0,2.7763840432461704,2.105923268944025,0.0,qualified and nondominated when maximizing balanced_mib_per_sec while minimizing p99 latency and backlog
byte_throughput,2,cfg_061,2998.191423418827,383768.50219760987,5820.0,3.0257633267821618,1.9380622759927064,0.0,qualified and nondominated when maximizing balanced_mib_per_sec while minimizing p99 latency and backlog
byte_throughput,3,cfg_062,2783.412155708857,712553.5118614674,7150.0,2.460949953852444,2.1689673189539462,0.0,qualified and nondominated when maximizing balanced_mib_per_sec while minimizing p99 latency and backlog
byte_throughput,4,cfg_096,2624.757291666667,167984.46666666667,221.0,0.1947098615504163,0.07107047503814101,0.0,qualified and nondominated when maximizing balanced_mib_per_sec while minimizing p99 latency and backlog
byte_throughput,5,cfg_088,2049.4625,131165.6,111.0,0.15430337793804028,0.037699913955293596,0.0,qualified and nondominated when maximizing balanced_mib_per_sec while minimizing p99 latency and backlog
byte_throughput,6,cfg_081,1996.4546875,127773.1,61.8,0.08909793034886529,0.027712634997442365,0.0,qualified and nondominated when maximizing balanced_mib_per_sec while minimizing p99 latency and backlog
byte_throughput,7,cfg_014,1813.8889322916666,464355.56666666665,188.0,0.05660391118226459,0.01852428400889039,0.0,qualified and nondominated when maximizing balanced_mib_per_sec while minimizing p99 latency and backlog
byte_throughput,8,cfg_055,1264.0046875,80896.3,42.7,0.01663370804466233,0.005208007991313934,0.0,qualified and nondominated when maximizing balanced_mib_per_sec while minimizing p99 latency and backlog
byte_throughput,9,cfg_090,938.3270833333333,120105.86666666667,19.5,0.015702297751075858,0.005494571989402175,0.0,qualified and nondominated when maximizing balanced_mib_per_sec while minimizing p99 latency and backlog
record_throughput,1,cfg_094,999.76787109375,1023762.3,712.0,1.2294492479942103,0.3541236559394747,0.0,qualified and nondominated when maximizing balanced_records_per_sec while minimizing p99 latency and backlog
record_throughput,2,cfg_065,1895.2567708333333,970371.4666666667,102.0,0.14226897621164106,0.04375590092968196,0.0,qualified and nondominated when maximizing balanced_records_per_sec while minimizing p99 latency and backlog
record_throughput,3,cfg_120,1652.9345703125,846302.5,96.5,0.1437597194584019,0.03834988619200885,0.0,qualified and nondominated when maximizing balanced_records_per_sec while minimizing p99 latency and backlog
record_throughput,4,cfg_076,524.14296875,536722.4,92.8,0.1497054992080432,0.03563857008703053,0.0,qualified and nondominated when maximizing balanced_records_per_sec while minimizing p99 latency and backlog
record_throughput,5,cfg_014,1813.8889322916666,464355.56666666665,188.0,0.05660391118226459,0.01852428400889039,0.0,qualified and nondominated when maximizing balanced_records_per_sec while minimizing p99 latency and backlog
record_throughput,6,cfg_102,1375.047265625,352012.1,90.3,0.104077857421654,0.05051954695954919,0.0,qualified and nondominated when maximizing balanced_records_per_sec while minimizing p99 latency and backlog
record_throughput,7,cfg_106,679.7338541666667,348023.73333333334,135.0,0.03964837966401344,0.009625623933970928,0.0,qualified and nondominated when maximizing balanced_records_per_sec while minimizing p99 latency and backlog
record_throughput,8,cfg_003,1028.3559895833334,263259.13333333336,62.6,0.04658720285957411,0.01605672389268875,0.0,qualified and nondominated when maximizing balanced_records_per_sec while minimizing p99 latency and backlog
record_throughput,9,cfg_045,1022.325390625,261715.3,47.0,0.04634128434576909,0.017058120109140873,0.0,qualified and nondominated when maximizing balanced_records_per_sec while minimizing p99 latency and backlog
record_throughput,10,cfg_050,1019.5837239583333,261013.43333333332,74.6,0.04618074641656028,0.016304059885442257,0.0,qualified and nondominated when maximizing balanced_records_per_sec while minimizing p99 latency and backlog
record_throughput,11,cfg_097,237.9140625,243624.0,61.7,0.023984718659250125,0.007029601139947772,0.0,qualified and nondominated when maximizing balanced_records_per_sec while minimizing p99 latency and backlog
record_throughput,12,cfg_067,228.748828125,234238.8,46.4,0.046409030196297114,0.013298399979248643,0.0,qualified and nondominated when maximizing balanced_records_per_sec while minimizing p99 latency and backlog
record_throughput,13,cfg_092,394.9505859375,202214.7,34.3,0.02574915969272999,0.008748306194320321,0.0,qualified and nondominated when maximizing balanced_records_per_sec while minimizing p99 latency and backlog
record_throughput,14,cfg_090,938.3270833333333,120105.86666666667,19.5,0.015702297751075858,0.005494571989402175,0.0,qualified and nondominated when maximizing balanced_records_per_sec while minimizing p99 latency and backlog
