backend_id,config_id,validation_rank,repeat_count,eligible_repeats,qualified_repeats,eligible,qualified,balanced_mib_per_sec,balanced_mib_per_sec_iqr,latency_p99_ms,backlog_percent,flush_sec,failed_send_percent,max_tmpfs_used_percent,median_cpu_allocated_percent_mean,iqr_median_cpu_allocated_percent_mean,median_cpu_allocated_percent_p95,iqr_median_cpu_allocated_percent_p95,median_rss_gib_mean,iqr_median_rss_gib_mean,median_rss_gib_p95,iqr_median_rss_gib_p95,median_ib0_rx_mibps_mean,iqr_median_ib0_rx_mibps_mean,median_ib0_tx_mibps_mean,iqr_median_ib0_tx_mibps_mean,median_jmx_in_mib_per_sec,iqr_median_jmx_in_mib_per_sec,median_jmx_out_mib_per_sec,iqr_median_jmx_out_mib_per_sec,median_request_queue_size_mean,iqr_median_request_queue_size_mean,median_response_queue_size_mean,iqr_median_response_queue_size_mean,median_request_handler_idle_ratio_mean,iqr_median_request_handler_idle_ratio_mean,median_request_queue_time_p99_ms_mean,iqr_median_request_queue_time_p99_ms_mean,median_broker_total_time_p99_ms_mean,iqr_median_broker_total_time_p99_ms_mean,median_jvm_heap_used_gb_mean,iqr_median_jvm_heap_used_gb_mean,median_jvm_gc_ms_per_sec_mean,iqr_median_jvm_gc_ms_per_sec_mean
kafka,cfg_007,1,5,5,5,True,True,2927.109822981875,4.75541747703619,2560.0,1.2369660737363755,0.48026442201808095,0.0,52.961364,4.2149513333333335,0.11641916666666585,4.550134,0.3846230000000004,5.713890838623047,0.02206789652506469,5.740688323974609,0.01738739013671875,3057.0504136196273,5.354449313201712,3060.573951555488,6.162925563589397,2959.3521902105335,15.231516492105584,2945.719326134769,44.5499006664445,0.0,0.0,0.0,0.0,0.9526054817619752,0.010380963095898643,0.4882831541218636,0.12516845878136207,4.264060931899641,0.5066415770609307,2.7951916829333334,0.13392054053333302,3.7057471264367816,0.20170887568803986
kafka,cfg_062,2,5,5,5,True,True,2842.0866008883454,99.3526305877831,6510.0,1.869791097848204,1.4494424759759568,0.0,53.001111,4.2210709,0.22179730000000042,4.545239,0.15471599999999963,5.710713577270508,0.03744901021321567,5.721046447753906,0.0366363525390625,3070.8738087830775,30.611211847551658,3074.530957285054,32.78844532941275,2939.410856940639,10.414730442673317,2954.081526795354,41.017186621866585,0.0,0.0,0.0,0.0,0.9431915194967193,0.008196443909891715,0.6207096774193551,0.14404659498207872,4.111964157706093,30.6342688172043,2.7009127976,0.1173297968,3.7781609195402295,0.046551724137931405
kafka,cfg_049,3,5,5,5,True,True,2795.548315859056,56.51063745922602,6340.0,3.375185558914446,1.8974306980001074,0.0,52.773348,4.227546866666667,0.04781636666666689,4.477306,0.05743700000000018,5.75632692972819,0.026881917317708393,5.776054382324219,0.014255523681640625,3010.03285046475,57.14321774382415,3012.784200776754,57.51184836290486,2910.955035140079,18.127510501275992,2987.006443670184,25.24364338305122,0.0,0.0,0.0,0.0,0.9423586197726919,0.008833225871912154,0.694820788530466,0.25713261648745545,14.515956989247062,14.624756272401434,2.6929311629333332,0.21506055173333305,3.6160919540229886,0.05172413793103425
kafka,cfg_096,4,5,5,5,True,True,2622.4630208333333,27.20208333333312,270.0,0.1696390252508821,0.07622150494717062,0.0,47.098048,4.3884172,0.4174395000000004,4.535001,0.1765460000000001,5.7048089345296225,0.019948577880859908,5.719928741455078,0.01371002197265625,2683.280251863211,32.59046011780811,2686.00608481299,62.186630336802864,2619.4688964908905,54.90889496356294,2612.2381504453856,99.7917082496756,0.0,0.0,0.0,0.0,0.9416996423224523,0.011774714499042771,0.6231254480286739,0.36650896057347687,5.2483010752688175,0.29897491039426516,2.6702297728,0.08204668693333295,3.6873563218390806,0.1459770114942529
kafka,cfg_001,5,5,5,5,True,True,1745.5033854166666,17.1796875,224.0,0.30701097481669065,0.10012544097844511,0.0,32.085918,5.1433181,0.17163960000000067,5.3056,0.0735980000000005,5.695168988458041,0.011468887329101562,5.719810485839844,0.0159149169921875,1805.6695986043867,16.299583109697778,1809.9471524808293,16.08876737005744,1797.3711114130367,9.237112851051506,1772.1918912850933,86.37575324387808,0.0,0.0,0.0,0.0,0.9335600477657037,0.00488994663968445,0.40873476702508954,0.11505017921146937,3.922247311827957,22.852974910394266,2.780820107733333,0.13724215839999987,3.3132183908045976,0.1844827586206894
kafka,cfg_094,6,5,5,5,True,True,1002.2326363980833,3.0285418394552153,756.0,1.146464867171444,0.390610603033565,0.0,19.33172,5.172814366666667,0.06142703333333266,5.32069,0.13549199999999928,5.685165786743164,0.02780481974283866,5.7010955810546875,0.02765655517578125,1080.8419371225968,2.327944837264795,1084.5598009465016,2.0532437971723994,1034.4944199624986,18.580748937738235,1037.3076219465406,6.572614760807937,0.0,0.0,0.0,0.0,0.9328690655720707,0.008520998985955042,0.5917562724014337,0.25015053763440864,4.045824372759857,13.072390681003478,2.7270485648,0.039406451733333014,3.316666666666667,0.17416032114954438
kafka,cfg_113,7,5,5,4,True,False,3009.2000978966516,87.79584588146918,6760.0,4.084609577375834,1.7999211369999557,0.0,55.039251,3.7451852068965517,0.1711678666666665,4.006308,0.19270800000000055,5.724248886108398,0.015348434448242188,5.7368927001953125,0.032123565673828125,3230.2718727425668,71.25993285878394,3231.0030450538165,71.69693506005706,3081.508659951315,39.281672754652845,3060.1293459918625,124.42072630535586,0.0,0.0,0.0,0.0,0.9509920525968062,0.0057410542360594174,0.6552616487455198,0.22913978494623732,6.6624551971326165,16.872301075268815,2.6779956477333333,0.19265205680000008,3.7701149425287355,0.3683908045977011
kafka,cfg_107,8,5,5,4,True,False,3001.731171352517,151.66097304813684,7620.0,3.9821912897930676,2.085843819018919,0.0,56.122873,3.6392403,0.14571603333333272,3.948482,0.110236,5.724290720621744,0.05183575948079433,5.741523742675781,0.0301513671875,3254.958923119394,8.595022067714126,3253.727768506763,8.308051661161244,3163.8553125950425,39.885692173352254,3180.446568479418,61.97967271782909,0.0,0.0,0.0,0.0,0.9521531459276068,0.005231793835059229,0.35087455197132633,0.12482795698924715,5.465501792114696,0.19302150537634422,2.741235469333333,0.22359855226666658,3.638505747126437,0.1385057471264366
kafka,cfg_061,9,5,5,3,True,False,2946.2820390607017,82.23920726002643,7950.0,4.7676234436351645,2.574630040999864,0.0,56.458188,3.8791097666666667,0.2167621666666668,4.123886,0.19167799999999957,5.686107381184896,0.011437988281249645,5.700103759765625,0.0157470703125,3233.4253961197664,18.733961801042824,3238.411932547585,17.736123412302277,3085.123500717066,149.49876747342796,3074.7492352989366,136.94154904101197,0.0,0.0,0.0,0.0,0.9538677753293888,0.007549378731174672,0.6876200716845877,0.38685304659498193,5.205559139784949,0.8750430107526892,2.804675473866667,0.027296638666665984,3.67705262302458,0.3511366609425317
kafka,cfg_101,10,5,5,0,True,False,2868.2933817875532,171.3138485110926,11400.0,10.453546681976103,5.449662706989329,0.0,56.222,3.798187833333333,0.07919403333333319,3.971084,0.03895800000000005,5.701697921752929,0.013700485229492188,5.713451385498047,0.014801025390625,3272.106962600791,76.11903698635888,3273.2191236898243,76.48227564619765,3138.8302418380404,61.76993473939592,3131.9615084703587,22.623669452547347,0.0,0.0,0.0,0.0,0.9516895348439116,0.012993036431995786,0.7704157706093192,0.2138853046594983,4.754792114695341,16.69543010752688,2.6310042373333333,0.023504354399999983,3.507471264367816,0.11781609195402298
