payload_size_bytes,concurrency_regime,case_count,eligible_count,qualified_count,qualification_rate,median_balanced_mib_per_sec,median_balanced_records_per_sec,median_latency_p99_ms,median_backlog_percent
1024.0,high (>=104 total ranks),1,1,1,1.0,999.76787109375,1023762.3,712.0,1.2294492479942103
1024.0,low (<=64 total ranks),3,3,3,1.0,237.9140625,243624.0,61.7,0.046409030196297114
1024.0,medium (72-96 total ranks),5,5,5,1.0,716.1572790704072,733345.053768097,399.0,0.6071792691696744
2048.0,high (>=104 total ranks),4,4,4,1.0,1764.2398310954168,903290.7935208534,526.0,0.7205933797554593
2048.0,low (<=64 total ranks),7,6,6,1.0,627.7160751495328,321390.6304765608,243.0,0.2879304576191193
2048.0,medium (72-96 total ranks),10,9,9,1.0,1534.1133536239163,785466.0370554451,189.0,0.37105691821323694
4096.0,high (>=104 total ranks),7,7,7,1.0,2550.3463541666665,652888.6666666666,917.0,0.6948841186114306
4096.0,low (<=64 total ranks),8,8,8,1.0,1373.1132759984341,351516.99865559913,113.15,0.14484830070484825
4096.0,medium (72-96 total ranks),43,41,41,1.0,1757.1583333333333,449832.5333333333,252.0,0.31783754454321617
8192.0,high (>=104 total ranks),8,7,2,0.2857142857142857,2835.3244940233703,362921.5352349914,18200.0,19.28983630327591
8192.0,low (<=64 total ranks),3,3,3,1.0,994.3276041666667,127273.93333333333,86.8,0.0914356176375306
8192.0,medium (72-96 total ranks),6,5,5,1.0,2546.7765927910023,325987.4038772483,441.0,0.36266756275894485
16384.0,high (>=104 total ranks),6,5,0,0.0,2742.975442551369,175550.4283232876,24200.0,31.99771436388572
16384.0,low (<=64 total ranks),3,3,3,1.0,1996.4546875,127773.1,61.8,0.08909793034886529
16384.0,medium (72-96 total ranks),6,6,2,0.3333333333333333,2724.9767235849267,174398.5103094353,8845.0,6.658727738844897
