config_id,config_path,topic_name,scenario,partitions,producer_ranks,consumer_ranks,batch_size,linger_ms,payload_size_bytes,producer_queue_messages,producer_queue_kbytes,consumer_fetch_min_bytes,consumer_fetch_wait_max_ms,consumer_fetch_message_max_bytes,notes
cfg_001,configs/sweeps/simultaneous_budgeted/generated_configs/cfg_001.json,sweep-sim-cfg-001,simultaneous,120,40,40,1048576,20,4096,1000000,1048576,1048576,50,8388608,baseline
cfg_002,configs/sweeps/simultaneous_budgeted/generated_configs/cfg_002.json,sweep-sim-cfg-002,simultaneous,120,16,40,1048576,20,4096,1000000,1048576,1048576,50,8388608,one-factor:producer_ranks=16
cfg_003,configs/sweeps/simultaneous_budgeted/generated_configs/cfg_003.json,sweep-sim-cfg-003,simultaneous,120,24,40,1048576,20,4096,1000000,1048576,1048576,50,8388608,one-factor:producer_ranks=24
cfg_004,configs/sweeps/simultaneous_budgeted/generated_configs/cfg_004.json,sweep-sim-cfg-004,simultaneous,120,32,40,1048576,20,4096,1000000,1048576,1048576,50,8388608,one-factor:producer_ranks=32
cfg_005,configs/sweeps/simultaneous_budgeted/generated_configs/cfg_005.json,sweep-sim-cfg-005,simultaneous,120,48,40,1048576,20,4096,1000000,1048576,1048576,50,8388608,one-factor:producer_ranks=48
cfg_006,configs/sweeps/simultaneous_budgeted/generated_configs/cfg_006.json,sweep-sim-cfg-006,simultaneous,120,56,40,1048576,20,4096,1000000,1048576,1048576,50,8388608,one-factor:producer_ranks=56
cfg_007,configs/sweeps/simultaneous_budgeted/generated_configs/cfg_007.json,sweep-sim-cfg-007,simultaneous,120,64,40,1048576,20,4096,1000000,1048576,1048576,50,8388608,one-factor:producer_ranks=64
cfg_008,configs/sweeps/simultaneous_budgeted/generated_configs/cfg_008.json,sweep-sim-cfg-008,simultaneous,120,40,16,1048576,20,4096,1000000,1048576,1048576,50,8388608,one-factor:consumer_ranks=16
cfg_009,configs/sweeps/simultaneous_budgeted/generated_configs/cfg_009.json,sweep-sim-cfg-009,simultaneous,120,40,24,1048576,20,4096,1000000,1048576,1048576,50,8388608,one-factor:consumer_ranks=24
cfg_010,configs/sweeps/simultaneous_budgeted/generated_configs/cfg_010.json,sweep-sim-cfg-010,simultaneous,120,40,32,1048576,20,4096,1000000,1048576,1048576,50,8388608,one-factor:consumer_ranks=32
cfg_011,configs/sweeps/simultaneous_budgeted/generated_configs/cfg_011.json,sweep-sim-cfg-011,simultaneous,120,40,48,1048576,20,4096,1000000,1048576,1048576,50,8388608,one-factor:consumer_ranks=48
cfg_012,configs/sweeps/simultaneous_budgeted/generated_configs/cfg_012.json,sweep-sim-cfg-012,simultaneous,120,40,56,1048576,20,4096,1000000,1048576,1048576,50,8388608,one-factor:consumer_ranks=56
cfg_013,configs/sweeps/simultaneous_budgeted/generated_configs/cfg_013.json,sweep-sim-cfg-013,simultaneous,120,40,64,1048576,20,4096,1000000,1048576,1048576,50,8388608,one-factor:consumer_ranks=64
cfg_014,configs/sweeps/simultaneous_budgeted/generated_configs/cfg_014.json,sweep-sim-cfg-014,simultaneous,60,40,40,1048576,20,4096,1000000,1048576,1048576,50,8388608,one-factor:partitions=60
cfg_015,configs/sweeps/simultaneous_budgeted/generated_configs/cfg_015.json,sweep-sim-cfg-015,simultaneous,90,40,40,1048576,20,4096,1000000,1048576,1048576,50,8388608,one-factor:partitions=90
cfg_016,configs/sweeps/simultaneous_budgeted/generated_configs/cfg_016.json,sweep-sim-cfg-016,simultaneous,180,40,40,1048576,20,4096,1000000,1048576,1048576,50,8388608,one-factor:partitions=180
cfg_017,configs/sweeps/simultaneous_budgeted/generated_configs/cfg_017.json,sweep-sim-cfg-017,simultaneous,240,40,40,1048576,20,4096,1000000,1048576,1048576,50,8388608,one-factor:partitions=240
cfg_018,configs/sweeps/simultaneous_budgeted/generated_configs/cfg_018.json,sweep-sim-cfg-018,simultaneous,120,40,40,262144,20,4096,1000000,1048576,1048576,50,8388608,one-factor:batch_size=262144
cfg_019,configs/sweeps/simultaneous_budgeted/generated_configs/cfg_019.json,sweep-sim-cfg-019,simultaneous,120,40,40,524288,20,4096,1000000,1048576,1048576,50,8388608,one-factor:batch_size=524288
cfg_020,configs/sweeps/simultaneous_budgeted/generated_configs/cfg_020.json,sweep-sim-cfg-020,simultaneous,120,40,40,2097152,20,4096,1000000,1048576,1048576,50,8388608,one-factor:batch_size=2097152
cfg_021,configs/sweeps/simultaneous_budgeted/generated_configs/cfg_021.json,sweep-sim-cfg-021,simultaneous,120,40,40,4194304,20,4096,1000000,1048576,1048576,50,8388608,one-factor:batch_size=4194304
cfg_022,configs/sweeps/simultaneous_budgeted/generated_configs/cfg_022.json,sweep-sim-cfg-022,simultaneous,120,40,40,1048576,0,4096,1000000,1048576,1048576,50,8388608,one-factor:linger_ms=0
cfg_023,configs/sweeps/simultaneous_budgeted/generated_configs/cfg_023.json,sweep-sim-cfg-023,simultaneous,120,40,40,1048576,5,4096,1000000,1048576,1048576,50,8388608,one-factor:linger_ms=5
cfg_024,configs/sweeps/simultaneous_budgeted/generated_configs/cfg_024.json,sweep-sim-cfg-024,simultaneous,120,40,40,1048576,10,4096,1000000,1048576,1048576,50,8388608,one-factor:linger_ms=10
cfg_025,configs/sweeps/simultaneous_budgeted/generated_configs/cfg_025.json,sweep-sim-cfg-025,simultaneous,120,40,40,1048576,40,4096,1000000,1048576,1048576,50,8388608,one-factor:linger_ms=40
cfg_026,configs/sweeps/simultaneous_budgeted/generated_configs/cfg_026.json,sweep-sim-cfg-026,simultaneous,120,40,40,1048576,80,4096,1000000,1048576,1048576,50,8388608,one-factor:linger_ms=80
cfg_027,configs/sweeps/simultaneous_budgeted/generated_configs/cfg_027.json,sweep-sim-cfg-027,simultaneous,120,40,40,1048576,20,1024,1000000,1048576,1048576,50,8388608,one-factor:payload_size_bytes=1024
cfg_028,configs/sweeps/simultaneous_budgeted/generated_configs/cfg_028.json,sweep-sim-cfg-028,simultaneous,120,40,40,1048576,20,2048,1000000,1048576,1048576,50,8388608,one-factor:payload_size_bytes=2048
cfg_029,configs/sweeps/simultaneous_budgeted/generated_configs/cfg_029.json,sweep-sim-cfg-029,simultaneous,120,40,40,1048576,20,8192,1000000,1048576,1048576,50,8388608,one-factor:payload_size_bytes=8192
cfg_030,configs/sweeps/simultaneous_budgeted/generated_configs/cfg_030.json,sweep-sim-cfg-030,simultaneous,120,40,40,1048576,20,16384,1000000,1048576,1048576,50,8388608,one-factor:payload_size_bytes=16384
cfg_031,configs/sweeps/simultaneous_budgeted/generated_configs/cfg_031.json,sweep-sim-cfg-031,simultaneous,120,40,40,1048576,20,4096,500000,1048576,1048576,50,8388608,one-factor:producer_queue_messages=500000
cfg_032,configs/sweeps/simultaneous_budgeted/generated_configs/cfg_032.json,sweep-sim-cfg-032,simultaneous,120,40,40,1048576,20,4096,2000000,1048576,1048576,50,8388608,one-factor:producer_queue_messages=2000000
cfg_033,configs/sweeps/simultaneous_budgeted/generated_configs/cfg_033.json,sweep-sim-cfg-033,simultaneous,120,40,40,1048576,20,4096,1000000,524288,1048576,50,8388608,one-factor:producer_queue_kbytes=524288
cfg_034,configs/sweeps/simultaneous_budgeted/generated_configs/cfg_034.json,sweep-sim-cfg-034,simultaneous,120,40,40,1048576,20,4096,1000000,2097152,1048576,50,8388608,one-factor:producer_queue_kbytes=2097152
cfg_035,configs/sweeps/simultaneous_budgeted/generated_configs/cfg_035.json,sweep-sim-cfg-035,simultaneous,120,40,40,1048576,20,4096,1000000,1048576,262144,50,8388608,one-factor:consumer_fetch_min_bytes=262144
cfg_036,configs/sweeps/simultaneous_budgeted/generated_configs/cfg_036.json,sweep-sim-cfg-036,simultaneous,120,40,40,1048576,20,4096,1000000,1048576,2097152,50,8388608,one-factor:consumer_fetch_min_bytes=2097152
cfg_037,configs/sweeps/simultaneous_budgeted/generated_configs/cfg_037.json,sweep-sim-cfg-037,simultaneous,120,40,40,1048576,20,4096,1000000,1048576,4194304,50,8388608,one-factor:consumer_fetch_min_bytes=4194304
cfg_038,configs/sweeps/simultaneous_budgeted/generated_configs/cfg_038.json,sweep-sim-cfg-038,simultaneous,120,40,40,1048576,20,4096,1000000,1048576,8388608,50,8388608,one-factor:consumer_fetch_min_bytes=8388608
cfg_039,configs/sweeps/simultaneous_budgeted/generated_configs/cfg_039.json,sweep-sim-cfg-039,simultaneous,120,40,40,1048576,20,4096,1000000,1048576,1048576,10,8388608,one-factor:consumer_fetch_wait_max_ms=10
cfg_040,configs/sweeps/simultaneous_budgeted/generated_configs/cfg_040.json,sweep-sim-cfg-040,simultaneous,120,40,40,1048576,20,4096,1000000,1048576,1048576,25,8388608,one-factor:consumer_fetch_wait_max_ms=25
cfg_041,configs/sweeps/simultaneous_budgeted/generated_configs/cfg_041.json,sweep-sim-cfg-041,simultaneous,120,40,40,1048576,20,4096,1000000,1048576,1048576,100,8388608,one-factor:consumer_fetch_wait_max_ms=100
cfg_042,configs/sweeps/simultaneous_budgeted/generated_configs/cfg_042.json,sweep-sim-cfg-042,simultaneous,120,40,40,1048576,20,4096,1000000,1048576,1048576,50,4194304,one-factor:consumer_fetch_message_max_bytes=4194304
cfg_043,configs/sweeps/simultaneous_budgeted/generated_configs/cfg_043.json,sweep-sim-cfg-043,simultaneous,120,40,40,1048576,20,4096,1000000,1048576,1048576,50,16777216,one-factor:consumer_fetch_message_max_bytes=16777216
cfg_044,configs/sweeps/simultaneous_budgeted/generated_configs/cfg_044.json,sweep-sim-cfg-044,simultaneous,120,40,40,1048576,20,4096,1000000,1048576,1048576,50,33554432,one-factor:consumer_fetch_message_max_bytes=33554432
cfg_045,configs/sweeps/simultaneous_budgeted/generated_configs/cfg_045.json,sweep-sim-cfg-045,simultaneous,120,24,24,1048576,20,4096,1000000,1048576,1048576,50,8388608,rank-pair:24x24
cfg_046,configs/sweeps/simultaneous_budgeted/generated_configs/cfg_046.json,sweep-sim-cfg-046,simultaneous,120,32,32,1048576,20,4096,1000000,1048576,1048576,50,8388608,rank-pair:32x32
cfg_047,configs/sweeps/simultaneous_budgeted/generated_configs/cfg_047.json,sweep-sim-cfg-047,simultaneous,120,48,48,1048576,20,4096,1000000,1048576,1048576,50,8388608,rank-pair:48x48
cfg_048,configs/sweeps/simultaneous_budgeted/generated_configs/cfg_048.json,sweep-sim-cfg-048,simultaneous,120,56,56,1048576,20,4096,1000000,1048576,1048576,50,8388608,rank-pair:56x56
cfg_049,configs/sweeps/simultaneous_budgeted/generated_configs/cfg_049.json,sweep-sim-cfg-049,simultaneous,120,64,64,1048576,20,4096,1000000,1048576,1048576,50,8388608,rank-pair:64x64
cfg_050,configs/sweeps/simultaneous_budgeted/generated_configs/cfg_050.json,sweep-sim-cfg-050,simultaneous,120,24,48,1048576,20,4096,1000000,1048576,1048576,50,8388608,rank-pair:24x48
